/home/changshu/CODEMIND/dataset/classeval/ClassEval_20@Chat.get_messages/main_cc.py,4,1,0,1,0,0,0,./tmp/_home_changshu_CODEMIND_dataset_classeval_ClassEval_20@Chat.get_messages_main_cc.py.log
/home/changshu/CODEMIND/dataset/classeval/ClassEval_63@NLPDataProcessor2.calculate_word_frequency/main_cc.py,3,0,0,2,1,0,0,./tmp/_home_changshu_CODEMIND_dataset_classeval_ClassEval_63@NLPDataProcessor2.calculate_word_frequency_main_cc.py.log
/home/changshu/CODEMIND/dataset/classeval/ClassEval_46@Interpolation.interpolate_2d/main_cc.py,8,4,10,3,0,0,0,./tmp/_home_changshu_CODEMIND_dataset_classeval_ClassEval_46@Interpolation.interpolate_2d_main_cc.py.log
/home/changshu/CODEMIND/dataset/classeval/ClassEval_82@StockPortfolioTracker.get_portfolio_summary/main_cc.py,5,0,0,2,0,0,2,./tmp/_home_changshu_CODEMIND_dataset_classeval_ClassEval_82@StockPortfolioTracker.get_portfolio_summary_main_cc.py.log
/home/changshu/CODEMIND/dataset/classeval/ClassEval_8@BankAccount.view_balance/main_cc.py,3,0,0,0,0,0,0,./tmp/_home_changshu_CODEMIND_dataset_classeval_ClassEval_8@BankAccount.view_balance_main_cc.py.log
/home/changshu/CODEMIND/dataset/classeval/ClassEval_67@Order.calculate_total/main_cc.py,4,0,0,2,0,0,0,./tmp/_home_changshu_CODEMIND_dataset_classeval_ClassEval_67@Order.calculate_total_main_cc.py.log
/home/changshu/CODEMIND/dataset/classeval/ClassEval_88@TriCalculator.sin/main_cc.py,4,1,0,0,1,0,0,./tmp/_home_changshu_CODEMIND_dataset_classeval_ClassEval_88@TriCalculator.sin_main_cc.py.log
/home/changshu/CODEMIND/dataset/classeval/ClassEval_0@AccessGatewayFilter.filter/main_cc.py,11,2,2,1,5,0,3,./tmp/_home_changshu_CODEMIND_dataset_classeval_ClassEval_0@AccessGatewayFilter.filter_main_cc.py.log
/home/changshu/CODEMIND/dataset/classeval/ClassEval_23@CombinationCalculator.select_all/main_cc.py,4,1,0,3,0,0,1,./tmp/_home_changshu_CODEMIND_dataset_classeval_ClassEval_23@CombinationCalculator.select_all_main_cc.py.log
/home/changshu/CODEMIND/dataset/classeval/ClassEval_60@MovieTicketDB.create_table/main_cc.py,2,0,0,0,1,0,1,./tmp/_home_changshu_CODEMIND_dataset_classeval_ClassEval_60@MovieTicketDB.create_table_main_cc.py.log
/home/changshu/CODEMIND/dataset/classeval/ClassEval_49@JobMarketplace.search_jobs/main_cc.py,5,1,1,4,0,0,0,./tmp/_home_changshu_CODEMIND_dataset_classeval_ClassEval_49@JobMarketplace.search_jobs_main_cc.py.log
/home/changshu/CODEMIND/dataset/classeval/ClassEval_92@UserLoginDB.search_user_by_username/main_cc.py,3,0,0,0,1,0,0,./tmp/_home_changshu_CODEMIND_dataset_classeval_ClassEval_92@UserLoginDB.search_user_by_username_main_cc.py.log
/home/changshu/CODEMIND/dataset/classeval/ClassEval_74@Server.show/main_cc.py,7,3,0,1,0,0,0,./tmp/_home_changshu_CODEMIND_dataset_classeval_ClassEval_74@Server.show_main_cc.py.log
/home/changshu/CODEMIND/dataset/classeval/ClassEval_93@VectorUtil.similarity/main_cc.py,2,0,0,0,3,0,0,./tmp/_home_changshu_CODEMIND_dataset_classeval_ClassEval_93@VectorUtil.similarity_main_cc.py.log
/home/changshu/CODEMIND/dataset/classeval/ClassEval_37@EncryptionUtils.caesar_cipher/main_cc.py,6,0,3,0,0,0,0,./tmp/_home_changshu_CODEMIND_dataset_classeval_ClassEval_37@EncryptionUtils.caesar_cipher_main_cc.py.log
/home/changshu/CODEMIND/dataset/classeval/ClassEval_47@IPAddress.get_binary/main_cc.py,10,2,2,2,0,0,3,./tmp/_home_changshu_CODEMIND_dataset_classeval_ClassEval_47@IPAddress.get_binary_main_cc.py.log
/home/changshu/CODEMIND/dataset/classeval/ClassEval_64@NumberConverter.decimal_to_hex/main_cc.py,2,0,0,2,0,0,0,./tmp/_home_changshu_CODEMIND_dataset_classeval_ClassEval_64@NumberConverter.decimal_to_hex_main_cc.py.log
/home/changshu/CODEMIND/dataset/classeval/ClassEval_51@KappaCalculator.fleiss_kappa/main_cc.py,5,0,1,2,3,0,0,./tmp/_home_changshu_CODEMIND_dataset_classeval_ClassEval_51@KappaCalculator.fleiss_kappa_main_cc.py.log
/home/changshu/CODEMIND/dataset/classeval/ClassEval_3@ArrangementCalculator.select_all/main_cc.py,6,2,0,2,1,0,1,./tmp/_home_changshu_CODEMIND_dataset_classeval_ClassEval_3@ArrangementCalculator.select_all_main_cc.py.log
/home/changshu/CODEMIND/dataset/classeval/ClassEval_74@Server.recv/main_cc.py,5,2,0,1,0,0,0,./tmp/_home_changshu_CODEMIND_dataset_classeval_ClassEval_74@Server.recv_main_cc.py.log
/home/changshu/CODEMIND/dataset/classeval/ClassEval_90@URLHandler.get_query_params/main_cc.py,7,3,6,0,0,0,0,./tmp/_home_changshu_CODEMIND_dataset_classeval_ClassEval_90@URLHandler.get_query_params_main_cc.py.log
/home/changshu/CODEMIND/dataset/classeval/ClassEval_40@FitnessTracker.condition_judge/main_cc.py,6,3,0,3,0,0,1,./tmp/_home_changshu_CODEMIND_dataset_classeval_ClassEval_40@FitnessTracker.condition_judge_main_cc.py.log
/home/changshu/CODEMIND/dataset/classeval/ClassEval_35@EightPuzzle.move/main_cc.py,10,5,3,5,0,0,1,./tmp/_home_changshu_CODEMIND_dataset_classeval_ClassEval_35@EightPuzzle.move_main_cc.py.log
/home/changshu/CODEMIND/dataset/classeval/ClassEval_73@RPGCharacter.level_up/main_cc.py,5,1,0,0,0,0,0,./tmp/_home_changshu_CODEMIND_dataset_classeval_ClassEval_73@RPGCharacter.level_up_main_cc.py.log
/home/changshu/CODEMIND/dataset/classeval/ClassEval_28@DatabaseProcessor.search_database/main_cc.py,4,0,0,0,1,0,0,./tmp/_home_changshu_CODEMIND_dataset_classeval_ClassEval_28@DatabaseProcessor.search_database_main_cc.py.log
/home/changshu/CODEMIND/dataset/classeval/ClassEval_14@BookManagementDB.add_book/main_cc.py,3,0,0,0,1,0,0,./tmp/_home_changshu_CODEMIND_dataset_classeval_ClassEval_14@BookManagementDB.add_book_main_cc.py.log
/home/changshu/CODEMIND/dataset/classeval/ClassEval_97@Words2Numbers.is_valid_input/main_cc.py,13,2,8,4,0,0,0,./tmp/_home_changshu_CODEMIND_dataset_classeval_ClassEval_97@Words2Numbers.is_valid_input_main_cc.py.log
/home/changshu/CODEMIND/dataset/classeval/ClassEval_75@ShoppingCart.total_price/main_cc.py,3,0,0,1,0,0,0,./tmp/_home_changshu_CODEMIND_dataset_classeval_ClassEval_75@ShoppingCart.total_price_main_cc.py.log
/home/changshu/CODEMIND/dataset/classeval/ClassEval_4@AssessmentSystem.add_student/main_cc.py,3,0,0,0,0,0,0,./tmp/_home_changshu_CODEMIND_dataset_classeval_ClassEval_4@AssessmentSystem.add_student_main_cc.py.log
/home/changshu/CODEMIND/dataset/classeval/ClassEval_19@ChandrasekharSieve.generate_primes/main_cc.py,9,5,4,3,0,0,1,./tmp/_home_changshu_CODEMIND_dataset_classeval_ClassEval_19@ChandrasekharSieve.generate_primes_main_cc.py.log
/home/changshu/CODEMIND/dataset/classeval/ClassEval_13@BookManagement.remove_book/main_cc.py,3,2,0,0,0,0,0,./tmp/_home_changshu_CODEMIND_dataset_classeval_ClassEval_13@BookManagement.remove_book_main_cc.py.log
/home/changshu/CODEMIND/dataset/classeval/ClassEval_81@Statistics3.median/main_cc.py,3,1,0,0,0,0,0,./tmp/_home_changshu_CODEMIND_dataset_classeval_ClassEval_81@Statistics3.median_main_cc.py.log
/home/changshu/CODEMIND/dataset/classeval/ClassEval_36@EmailClient.is_full_with_one_more_email/main_cc.py,4,0,0,1,0,0,1,./tmp/_home_changshu_CODEMIND_dataset_classeval_ClassEval_36@EmailClient.is_full_with_one_more_email_main_cc.py.log
/home/changshu/CODEMIND/dataset/classeval/ClassEval_70@PersonRequest._validate_name/main_cc.py,4,2,0,0,0,0,1,./tmp/_home_changshu_CODEMIND_dataset_classeval_ClassEval_70@PersonRequest._validate_name_main_cc.py.log
/home/changshu/CODEMIND/dataset/classeval/ClassEval_11@BitStatusUtil.remove/main_cc.py,5,2,2,8,0,0,0,./tmp/_home_changshu_CODEMIND_dataset_classeval_ClassEval_11@BitStatusUtil.remove_main_cc.py.log
/home/changshu/CODEMIND/dataset/classeval/ClassEval_26@CSVProcessor.write_csv/main_cc.py,6,0,0,0,1,0,0,./tmp/_home_changshu_CODEMIND_dataset_classeval_ClassEval_26@CSVProcessor.write_csv_main_cc.py.log
/home/changshu/CODEMIND/dataset/classeval/ClassEval_95@Warehouse.update_product_quantity/main_cc.py,4,1,0,0,0,0,0,./tmp/_home_changshu_CODEMIND_dataset_classeval_ClassEval_95@Warehouse.update_product_quantity_main_cc.py.log
/home/changshu/CODEMIND/dataset/classeval/ClassEval_82@StockPortfolioTracker.remove_stock/main_cc.py,6,2,3,1,0,0,0,./tmp/_home_changshu_CODEMIND_dataset_classeval_ClassEval_82@StockPortfolioTracker.remove_stock_main_cc.py.log
/home/changshu/CODEMIND/dataset/classeval/ClassEval_14@BookManagementDB.return_book/main_cc.py,3,0,0,0,1,0,0,./tmp/_home_changshu_CODEMIND_dataset_classeval_ClassEval_14@BookManagementDB.return_book_main_cc.py.log
/home/changshu/CODEMIND/dataset/classeval/ClassEval_6@AvgPartition.setNum/main_cc.py,3,0,0,0,0,0,0,./tmp/_home_changshu_CODEMIND_dataset_classeval_ClassEval_6@AvgPartition.setNum_main_cc.py.log
/home/changshu/CODEMIND/dataset/classeval/ClassEval_72@RegexUtils.generate_phone_number_pattern/main_cc.py,2,0,0,0,0,0,0,./tmp/_home_changshu_CODEMIND_dataset_classeval_ClassEval_72@RegexUtils.generate_phone_number_pattern_main_cc.py.log
/home/changshu/CODEMIND/dataset/classeval/ClassEval_68@PageUtil.get_page/main_cc.py,4,1,0,1,0,0,0,./tmp/_home_changshu_CODEMIND_dataset_classeval_ClassEval_68@PageUtil.get_page_main_cc.py.log
/home/changshu/CODEMIND/dataset/classeval/ClassEval_39@ExpressionCalculator.compare/main_cc.py,5,2,0,1,1,0,0,./tmp/_home_changshu_CODEMIND_dataset_classeval_ClassEval_39@ExpressionCalculator.compare_main_cc.py.log
/home/changshu/CODEMIND/dataset/classeval/ClassEval_97@Words2Numbers.text2int/main_cc.py,16,3,14,4,0,0,0,./tmp/_home_changshu_CODEMIND_dataset_classeval_ClassEval_97@Words2Numbers.text2int_main_cc.py.log
/home/changshu/CODEMIND/dataset/classeval/ClassEval_81@Statistics3.correlation/main_cc.py,5,2,0,7,1,0,0,./tmp/_home_changshu_CODEMIND_dataset_classeval_ClassEval_81@Statistics3.correlation_main_cc.py.log
/home/changshu/CODEMIND/dataset/classeval/ClassEval_24@ComplexCalculator.multiply/main_cc.py,3,0,0,2,0,0,0,./tmp/_home_changshu_CODEMIND_dataset_classeval_ClassEval_24@ComplexCalculator.multiply_main_cc.py.log
/home/changshu/CODEMIND/dataset/classeval/ClassEval_43@HRManagementSystem.add_employee/main_cc.py,4,1,0,0,0,0,0,./tmp/_home_changshu_CODEMIND_dataset_classeval_ClassEval_43@HRManagementSystem.add_employee_main_cc.py.log
/home/changshu/CODEMIND/dataset/classeval/ClassEval_4@AssessmentSystem.get_gpa/main_cc.py,4,1,0,0,0,0,0,./tmp/_home_changshu_CODEMIND_dataset_classeval_ClassEval_4@AssessmentSystem.get_gpa_main_cc.py.log
/home/changshu/CODEMIND/dataset/classeval/ClassEval_41@GomokuGame.make_move/main_cc.py,4,1,0,2,0,0,0,./tmp/_home_changshu_CODEMIND_dataset_classeval_ClassEval_41@GomokuGame.make_move_main_cc.py.log
/home/changshu/CODEMIND/dataset/classeval/ClassEval_74@Server.del_white_list/main_cc.py,4,1,0,1,0,0,0,./tmp/_home_changshu_CODEMIND_dataset_classeval_ClassEval_74@Server.del_white_list_main_cc.py.log
/home/changshu/CODEMIND/dataset/classeval/ClassEval_25@CookiesUtil._save_cookies/main_cc.py,6,0,0,0,1,0,0,./tmp/_home_changshu_CODEMIND_dataset_classeval_ClassEval_25@CookiesUtil._save_cookies_main_cc.py.log
/home/changshu/CODEMIND/dataset/classeval/ClassEval_23@CombinationCalculator.select/main_cc.py,6,2,0,2,0,0,2,./tmp/_home_changshu_CODEMIND_dataset_classeval_ClassEval_23@CombinationCalculator.select_main_cc.py.log
/home/changshu/CODEMIND/dataset/classeval/ClassEval_17@CalendarUtil.get_upcoming_events/main_cc.py,6,2,2,2,1,0,0,./tmp/_home_changshu_CODEMIND_dataset_classeval_ClassEval_17@CalendarUtil.get_upcoming_events_main_cc.py.log
/home/changshu/CODEMIND/dataset/classeval/ClassEval_56@MetricsCalculator.precision/main_cc.py,9,5,1,0,0,0,1,./tmp/_home_changshu_CODEMIND_dataset_classeval_ClassEval_56@MetricsCalculator.precision_main_cc.py.log
/home/changshu/CODEMIND/dataset/classeval/ClassEval_81@Statistics3.mode/main_cc.py,3,1,0,3,0,0,0,./tmp/_home_changshu_CODEMIND_dataset_classeval_ClassEval_81@Statistics3.mode_main_cc.py.log
/home/changshu/CODEMIND/dataset/classeval/ClassEval_80@SQLQueryBuilder.delete/main_cc.py,3,0,0,3,0,0,0,./tmp/_home_changshu_CODEMIND_dataset_classeval_ClassEval_80@SQLQueryBuilder.delete_main_cc.py.log
/home/changshu/CODEMIND/dataset/classeval/ClassEval_2@ArgumentParser._convert_type/main_cc.py,4,0,0,0,0,0,0,./tmp/_home_changshu_CODEMIND_dataset_classeval_ClassEval_2@ArgumentParser._convert_type_main_cc.py.log
/home/changshu/CODEMIND/dataset/classeval/ClassEval_18@CamelCaseMap.__len__/main_cc.py,3,0,0,0,0,0,0,./tmp/_home_changshu_CODEMIND_dataset_classeval_ClassEval_18@CamelCaseMap.__len___main_cc.py.log
/home/changshu/CODEMIND/dataset/classeval/ClassEval_17@CalendarUtil.remove_event/main_cc.py,4,1,0,1,0,0,0,./tmp/_home_changshu_CODEMIND_dataset_classeval_ClassEval_17@CalendarUtil.remove_event_main_cc.py.log
/home/changshu/CODEMIND/dataset/classeval/ClassEval_24@ComplexCalculator.subtract/main_cc.py,3,0,0,2,0,0,0,./tmp/_home_changshu_CODEMIND_dataset_classeval_ClassEval_24@ComplexCalculator.subtract_main_cc.py.log
/home/changshu/CODEMIND/dataset/classeval/ClassEval_77@Snake.reset/main_cc.py,4,1,0,2,2,0,1,./tmp/_home_changshu_CODEMIND_dataset_classeval_ClassEval_77@Snake.reset_main_cc.py.log
/home/changshu/CODEMIND/dataset/classeval/ClassEval_61@MusicPlayer.remove_song/main_cc.py,9,3,1,1,0,0,1,./tmp/_home_changshu_CODEMIND_dataset_classeval_ClassEval_61@MusicPlayer.remove_song_main_cc.py.log
/home/changshu/CODEMIND/dataset/classeval/ClassEval_94@VendingMachine.display_items/main_cc.py,5,1,1,1,0,0,0,./tmp/_home_changshu_CODEMIND_dataset_classeval_ClassEval_94@VendingMachine.display_items_main_cc.py.log
/home/changshu/CODEMIND/dataset/classeval/ClassEval_66@NumericEntityUnescaper.replace/main_cc.py,12,6,9,3,0,0,1,./tmp/_home_changshu_CODEMIND_dataset_classeval_ClassEval_66@NumericEntityUnescaper.replace_main_cc.py.log
/home/changshu/CODEMIND/dataset/classeval/ClassEval_83@StudentDatabaseProcessor.delete_student_by_name/main_cc.py,3,0,0,0,1,0,0,./tmp/_home_changshu_CODEMIND_dataset_classeval_ClassEval_83@StudentDatabaseProcessor.delete_student_by_name_main_cc.py.log
/home/changshu/CODEMIND/dataset/classeval/ClassEval_61@MusicPlayer.play/main_cc.py,5,1,0,1,0,0,0,./tmp/_home_changshu_CODEMIND_dataset_classeval_ClassEval_61@MusicPlayer.play_main_cc.py.log
/home/changshu/CODEMIND/dataset/classeval/ClassEval_76@SignInSystem.sign_in/main_cc.py,4,1,0,0,0,0,0,./tmp/_home_changshu_CODEMIND_dataset_classeval_ClassEval_76@SignInSystem.sign_in_main_cc.py.log
/home/changshu/CODEMIND/dataset/classeval/ClassEval_44@HtmlUtil.extract_code_from_html_text/main_cc.py,16,7,11,6,3,0,1,./tmp/_home_changshu_CODEMIND_dataset_classeval_ClassEval_44@HtmlUtil.extract_code_from_html_text_main_cc.py.log
/home/changshu/CODEMIND/dataset/classeval/ClassEval_29@DataStatistics.mean/main_cc.py,2,0,0,0,0,0,0,./tmp/_home_changshu_CODEMIND_dataset_classeval_ClassEval_29@DataStatistics.mean_main_cc.py.log
/home/changshu/CODEMIND/dataset/classeval/ClassEval_90@URLHandler.get_host/main_cc.py,5,2,1,0,0,0,0,./tmp/_home_changshu_CODEMIND_dataset_classeval_ClassEval_90@URLHandler.get_host_main_cc.py.log
/home/changshu/CODEMIND/dataset/classeval/ClassEval_1@AreaCalculator.calculate_cylinder_area/main_cc.py,3,0,0,0,0,0,0,./tmp/_home_changshu_CODEMIND_dataset_classeval_ClassEval_1@AreaCalculator.calculate_cylinder_area_main_cc.py.log
/home/changshu/CODEMIND/dataset/classeval/ClassEval_4@AssessmentSystem.get_top_student/main_cc.py,6,2,1,0,0,0,1,./tmp/_home_changshu_CODEMIND_dataset_classeval_ClassEval_4@AssessmentSystem.get_top_student_main_cc.py.log
/home/changshu/CODEMIND/dataset/classeval/ClassEval_20@Chat.remove_user/main_cc.py,4,1,0,0,0,0,0,./tmp/_home_changshu_CODEMIND_dataset_classeval_ClassEval_20@Chat.remove_user_main_cc.py.log
/home/changshu/CODEMIND/dataset/classeval/ClassEval_52@Lemmatization.remove_punctuation/main_cc.py,3,0,0,0,1,0,0,./tmp/_home_changshu_CODEMIND_dataset_classeval_ClassEval_52@Lemmatization.remove_punctuation_main_cc.py.log
/home/changshu/CODEMIND/dataset/classeval/ClassEval_45@ImageProcessor.adjust_brightness/main_cc.py,4,0,0,0,1,0,0,./tmp/_home_changshu_CODEMIND_dataset_classeval_ClassEval_45@ImageProcessor.adjust_brightness_main_cc.py.log
/home/changshu/CODEMIND/dataset/classeval/ClassEval_6@AvgPartition.get/main_cc.py,4,1,0,0,0,0,1,./tmp/_home_changshu_CODEMIND_dataset_classeval_ClassEval_6@AvgPartition.get_main_cc.py.log
/home/changshu/CODEMIND/dataset/classeval/ClassEval_94@VendingMachine.insert_coin/main_cc.py,3,0,0,0,0,0,0,./tmp/_home_changshu_CODEMIND_dataset_classeval_ClassEval_94@VendingMachine.insert_coin_main_cc.py.log
/home/changshu/CODEMIND/dataset/classeval/ClassEval_72@RegexUtils.generate_email_pattern/main_cc.py,2,0,0,0,0,0,0,./tmp/_home_changshu_CODEMIND_dataset_classeval_ClassEval_72@RegexUtils.generate_email_pattern_main_cc.py.log
/home/changshu/CODEMIND/dataset/classeval/ClassEval_48@IpUtil.is_valid_ipv4/main_cc.py,5,0,0,0,1,0,0,./tmp/_home_changshu_CODEMIND_dataset_classeval_ClassEval_48@IpUtil.is_valid_ipv4_main_cc.py.log
/home/changshu/CODEMIND/dataset/classeval/ClassEval_86@TicTacToe.is_board_full/main_cc.py,5,1,1,2,0,0,0,./tmp/_home_changshu_CODEMIND_dataset_classeval_ClassEval_86@TicTacToe.is_board_full_main_cc.py.log
/home/changshu/CODEMIND/dataset/classeval/ClassEval_96@WeatherSystem.set_city/main_cc.py,3,0,0,0,0,0,0,./tmp/_home_changshu_CODEMIND_dataset_classeval_ClassEval_96@WeatherSystem.set_city_main_cc.py.log
/home/changshu/CODEMIND/dataset/classeval/ClassEval_47@IPAddress.is_valid/main_cc.py,6,2,1,0,0,0,0,./tmp/_home_changshu_CODEMIND_dataset_classeval_ClassEval_47@IPAddress.is_valid_main_cc.py.log
/home/changshu/CODEMIND/dataset/classeval/ClassEval_9@BigNumCalculator.multiply/main_cc.py,5,7,1,3,0,0,0,./tmp/_home_changshu_CODEMIND_dataset_classeval_ClassEval_9@BigNumCalculator.multiply_main_cc.py.log
/home/changshu/CODEMIND/dataset/classeval/ClassEval_42@Hotel.check_in/main_cc.py,7,4,1,0,0,0,0,./tmp/_home_changshu_CODEMIND_dataset_classeval_ClassEval_42@Hotel.check_in_main_cc.py.log
/home/changshu/CODEMIND/dataset/classeval/ClassEval_85@Thermostat.auto_check_conflict/main_cc.py,10,5,1,1,0,0,2,./tmp/_home_changshu_CODEMIND_dataset_classeval_ClassEval_85@Thermostat.auto_check_conflict_main_cc.py.log
/home/changshu/CODEMIND/dataset/classeval/ClassEval_65@NumberWordFormatter.format/main_cc.py,9,6,1,7,0,0,1,./tmp/_home_changshu_CODEMIND_dataset_classeval_ClassEval_65@NumberWordFormatter.format_main_cc.py.log
/home/changshu/CODEMIND/dataset/classeval/ClassEval_84@TextFileProcessor.write_file/main_cc.py,3,0,0,0,0,0,0,./tmp/_home_changshu_CODEMIND_dataset_classeval_ClassEval_84@TextFileProcessor.write_file_main_cc.py.log
/home/changshu/CODEMIND/dataset/classeval/ClassEval_17@CalendarUtil.get_available_slots/main_cc.py,7,2,2,2,4,0,1,./tmp/_home_changshu_CODEMIND_dataset_classeval_ClassEval_17@CalendarUtil.get_available_slots_main_cc.py.log
/home/changshu/CODEMIND/dataset/classeval/ClassEval_85@Thermostat.get_target_temperature/main_cc.py,3,0,0,0,0,0,0,./tmp/_home_changshu_CODEMIND_dataset_classeval_ClassEval_85@Thermostat.get_target_temperature_main_cc.py.log
/home/changshu/CODEMIND/dataset/classeval/ClassEval_94@VendingMachine.purchase_item/main_cc.py,5,2,1,0,0,0,0,./tmp/_home_changshu_CODEMIND_dataset_classeval_ClassEval_94@VendingMachine.purchase_item_main_cc.py.log
/home/changshu/CODEMIND/dataset/classeval/ClassEval_55@Manacher.palindromic_length/main_cc.py,7,1,0,0,0,0,1,./tmp/_home_changshu_CODEMIND_dataset_classeval_ClassEval_55@Manacher.palindromic_length_main_cc.py.log
/home/changshu/CODEMIND/dataset/classeval/ClassEval_90@URLHandler.get_path/main_cc.py,5,2,1,0,0,0,0,./tmp/_home_changshu_CODEMIND_dataset_classeval_ClassEval_90@URLHandler.get_path_main_cc.py.log
/home/changshu/CODEMIND/dataset/classeval/ClassEval_76@SignInSystem.all_not_signed_in/main_cc.py,5,1,1,1,0,0,0,./tmp/_home_changshu_CODEMIND_dataset_classeval_ClassEval_76@SignInSystem.all_not_signed_in_main_cc.py.log
/home/changshu/CODEMIND/dataset/classeval/ClassEval_64@NumberConverter.decimal_to_octal/main_cc.py,2,0,0,2,0,0,0,./tmp/_home_changshu_CODEMIND_dataset_classeval_ClassEval_64@NumberConverter.decimal_to_octal_main_cc.py.log
/home/changshu/CODEMIND/dataset/classeval/ClassEval_70@PersonRequest._validate_sex/main_cc.py,3,1,0,1,0,0,1,./tmp/_home_changshu_CODEMIND_dataset_classeval_ClassEval_70@PersonRequest._validate_sex_main_cc.py.log
/home/changshu/CODEMIND/dataset/classeval/ClassEval_25@CookiesUtil.load_cookies/main_cc.py,5,0,0,0,1,0,0,./tmp/_home_changshu_CODEMIND_dataset_classeval_ClassEval_25@CookiesUtil.load_cookies_main_cc.py.log
/home/changshu/CODEMIND/dataset/classeval/ClassEval_64@NumberConverter.hex_to_decimal/main_cc.py,2,0,0,2,0,0,0,./tmp/_home_changshu_CODEMIND_dataset_classeval_ClassEval_64@NumberConverter.hex_to_decimal_main_cc.py.log
/home/changshu/CODEMIND/dataset/classeval/ClassEval_78@SplitSentence.count_words/main_cc.py,2,0,0,0,1,0,0,./tmp/_home_changshu_CODEMIND_dataset_classeval_ClassEval_78@SplitSentence.count_words_main_cc.py.log
/home/changshu/CODEMIND/dataset/classeval/ClassEval_98@XMLProcessor.read_xml/main_cc.py,6,0,0,0,1,0,0,./tmp/_home_changshu_CODEMIND_dataset_classeval_ClassEval_98@XMLProcessor.read_xml_main_cc.py.log
/home/changshu/CODEMIND/dataset/classeval/ClassEval_40@FitnessTracker.get_BMI/main_cc.py,3,0,0,3,0,0,0,./tmp/_home_changshu_CODEMIND_dataset_classeval_ClassEval_40@FitnessTracker.get_BMI_main_cc.py.log
/home/changshu/CODEMIND/dataset/classeval/ClassEval_82@StockPortfolioTracker.add_stock/main_cc.py,5,1,1,1,0,0,0,./tmp/_home_changshu_CODEMIND_dataset_classeval_ClassEval_82@StockPortfolioTracker.add_stock_main_cc.py.log
/home/changshu/CODEMIND/dataset/classeval/ClassEval_71@PushBoxGame.init_game/main_cc.py,7,3,3,2,0,0,1,./tmp/_home_changshu_CODEMIND_dataset_classeval_ClassEval_71@PushBoxGame.init_game_main_cc.py.log
/home/changshu/CODEMIND/dataset/classeval/ClassEval_33@DiscountStrategy.LargeOrderPromo/main_cc.py,3,0,0,4,0,0,1,./tmp/_home_changshu_CODEMIND_dataset_classeval_ClassEval_33@DiscountStrategy.LargeOrderPromo_main_cc.py.log
/home/changshu/CODEMIND/dataset/classeval/ClassEval_15@BoyerMooreSearch.bad_character_heuristic/main_cc.py,9,10,3,1,0,0,2,./tmp/_home_changshu_CODEMIND_dataset_classeval_ClassEval_15@BoyerMooreSearch.bad_character_heuristic_main_cc.py.log
/home/changshu/CODEMIND/dataset/classeval/ClassEval_64@NumberConverter.octal_to_decimal/main_cc.py,2,0,0,2,0,0,0,./tmp/_home_changshu_CODEMIND_dataset_classeval_ClassEval_64@NumberConverter.octal_to_decimal_main_cc.py.log
/home/changshu/CODEMIND/dataset/classeval/ClassEval_35@EightPuzzle.solve/main_cc.py,15,10,4,10,0,0,2,./tmp/_home_changshu_CODEMIND_dataset_classeval_ClassEval_35@EightPuzzle.solve_main_cc.py.log
/home/changshu/CODEMIND/dataset/classeval/ClassEval_30@DataStatistics2.get_max/main_cc.py,3,0,0,0,2,0,0,./tmp/_home_changshu_CODEMIND_dataset_classeval_ClassEval_30@DataStatistics2.get_max_main_cc.py.log
/home/changshu/CODEMIND/dataset/classeval/ClassEval_96@WeatherSystem.fahrenheit_to_celsius/main_cc.py,3,0,0,0,0,0,0,./tmp/_home_changshu_CODEMIND_dataset_classeval_ClassEval_96@WeatherSystem.fahrenheit_to_celsius_main_cc.py.log
/home/changshu/CODEMIND/dataset/classeval/ClassEval_8@BankAccount.withdraw/main_cc.py,3,2,0,0,0,0,0,./tmp/_home_changshu_CODEMIND_dataset_classeval_ClassEval_8@BankAccount.withdraw_main_cc.py.log
/home/changshu/CODEMIND/dataset/classeval/ClassEval_49@JobMarketplace.post_job/main_cc.py,3,0,0,2,0,0,0,./tmp/_home_changshu_CODEMIND_dataset_classeval_ClassEval_49@JobMarketplace.post_job_main_cc.py.log
/home/changshu/CODEMIND/dataset/classeval/ClassEval_23@CombinationCalculator.count/main_cc.py,4,1,0,0,3,0,0,./tmp/_home_changshu_CODEMIND_dataset_classeval_ClassEval_23@CombinationCalculator.count_main_cc.py.log
/home/changshu/CODEMIND/dataset/classeval/ClassEval_21@Classroom.remove_course/main_cc.py,4,1,0,1,0,0,0,./tmp/_home_changshu_CODEMIND_dataset_classeval_ClassEval_21@Classroom.remove_course_main_cc.py.log
/home/changshu/CODEMIND/dataset/classeval/ClassEval_86@TicTacToe.make_move/main_cc.py,4,1,0,2,0,0,0,./tmp/_home_changshu_CODEMIND_dataset_classeval_ClassEval_86@TicTacToe.make_move_main_cc.py.log
/home/changshu/CODEMIND/dataset/classeval/ClassEval_42@Hotel.check_out/main_cc.py,4,1,0,0,0,0,0,./tmp/_home_changshu_CODEMIND_dataset_classeval_ClassEval_42@Hotel.check_out_main_cc.py.log
/home/changshu/CODEMIND/dataset/classeval/ClassEval_28@DatabaseProcessor.delete_from_database/main_cc.py,3,0,0,0,1,0,0,./tmp/_home_changshu_CODEMIND_dataset_classeval_ClassEval_28@DatabaseProcessor.delete_from_database_main_cc.py.log
/home/changshu/CODEMIND/dataset/classeval/ClassEval_65@NumberWordFormatter.format_string/main_cc.py,14,10,1,7,0,0,6,./tmp/_home_changshu_CODEMIND_dataset_classeval_ClassEval_65@NumberWordFormatter.format_string_main_cc.py.log
/home/changshu/CODEMIND/dataset/classeval/ClassEval_3@ArrangementCalculator.factorial/main_cc.py,4,1,0,2,0,0,0,./tmp/_home_changshu_CODEMIND_dataset_classeval_ClassEval_3@ArrangementCalculator.factorial_main_cc.py.log
/home/changshu/CODEMIND/dataset/classeval/ClassEval_43@HRManagementSystem.update_employee/main_cc.py,9,3,4,0,0,0,1,./tmp/_home_changshu_CODEMIND_dataset_classeval_ClassEval_43@HRManagementSystem.update_employee_main_cc.py.log
/home/changshu/CODEMIND/dataset/classeval/ClassEval_91@UrlPath.fix_path/main_cc.py,4,1,0,3,0,0,0,./tmp/_home_changshu_CODEMIND_dataset_classeval_ClassEval_91@UrlPath.fix_path_main_cc.py.log
/home/changshu/CODEMIND/dataset/classeval/ClassEval_45@ImageProcessor.save_image/main_cc.py,4,0,0,0,0,0,0,./tmp/_home_changshu_CODEMIND_dataset_classeval_ClassEval_45@ImageProcessor.save_image_main_cc.py.log
/home/changshu/CODEMIND/dataset/classeval/ClassEval_88@TriCalculator.cos/main_cc.py,5,1,1,0,0,0,1,./tmp/_home_changshu_CODEMIND_dataset_classeval_ClassEval_88@TriCalculator.cos_main_cc.py.log
/home/changshu/CODEMIND/dataset/classeval/ClassEval_44@HtmlUtil.__format_line_feed/main_cc.py,3,0,0,0,2,0,0,./tmp/_home_changshu_CODEMIND_dataset_classeval_ClassEval_44@HtmlUtil.__format_line_feed_main_cc.py.log
/home/changshu/CODEMIND/dataset/classeval/ClassEval_59@MovieBookingSystem.available_movies/main_cc.py,5,1,1,2,2,0,1,./tmp/_home_changshu_CODEMIND_dataset_classeval_ClassEval_59@MovieBookingSystem.available_movies_main_cc.py.log
/home/changshu/CODEMIND/dataset/classeval/ClassEval_87@TimeUtils.get_format_time/main_cc.py,3,0,0,0,2,0,0,./tmp/_home_changshu_CODEMIND_dataset_classeval_ClassEval_87@TimeUtils.get_format_time_main_cc.py.log
/home/changshu/CODEMIND/dataset/classeval/ClassEval_77@Snake.move/main_cc.py,6,3,1,2,0,0,2,./tmp/_home_changshu_CODEMIND_dataset_classeval_ClassEval_77@Snake.move_main_cc.py.log
/home/changshu/CODEMIND/dataset/classeval/ClassEval_2@ArgumentParser.parse_arguments/main_cc.py,10,2,5,0,0,0,2,./tmp/_home_changshu_CODEMIND_dataset_classeval_ClassEval_2@ArgumentParser.parse_arguments_main_cc.py.log
/home/changshu/CODEMIND/dataset/classeval/ClassEval_99@ZipFileProcessor.extract_file/main_cc.py,6,0,0,0,1,0,0,./tmp/_home_changshu_CODEMIND_dataset_classeval_ClassEval_99@ZipFileProcessor.extract_file_main_cc.py.log
/home/changshu/CODEMIND/dataset/classeval/ClassEval_31@DataStatistics4.kurtosis/main_cc.py,3,1,0,5,1,0,0,./tmp/_home_changshu_CODEMIND_dataset_classeval_ClassEval_31@DataStatistics4.kurtosis_main_cc.py.log
/home/changshu/CODEMIND/dataset/classeval/ClassEval_79@SQLGenerator.select/main_cc.py,5,2,0,0,0,0,0,./tmp/_home_changshu_CODEMIND_dataset_classeval_ClassEval_79@SQLGenerator.select_main_cc.py.log
/home/changshu/CODEMIND/dataset/classeval/ClassEval_54@MahjongConnect.remove_icons/main_cc.py,3,0,0,0,0,0,0,./tmp/_home_changshu_CODEMIND_dataset_classeval_ClassEval_54@MahjongConnect.remove_icons_main_cc.py.log
/home/changshu/CODEMIND/dataset/classeval/ClassEval_18@CamelCaseMap.__delitem__/main_cc.py,5,0,0,0,0,0,1,./tmp/_home_changshu_CODEMIND_dataset_classeval_ClassEval_18@CamelCaseMap.__delitem___main_cc.py.log
/home/changshu/CODEMIND/dataset/classeval/ClassEval_81@Statistics3.correlation_matrix/main_cc.py,5,1,1,11,1,0,0,./tmp/_home_changshu_CODEMIND_dataset_classeval_ClassEval_81@Statistics3.correlation_matrix_main_cc.py.log
/home/changshu/CODEMIND/dataset/classeval/ClassEval_13@BookManagement.view_book_quantity/main_cc.py,4,1,0,0,0,0,0,./tmp/_home_changshu_CODEMIND_dataset_classeval_ClassEval_13@BookManagement.view_book_quantity_main_cc.py.log
/home/changshu/CODEMIND/dataset/classeval/ClassEval_91@UrlPath.add/main_cc.py,4,1,0,3,0,0,1,./tmp/_home_changshu_CODEMIND_dataset_classeval_ClassEval_91@UrlPath.add_main_cc.py.log
/home/changshu/CODEMIND/dataset/classeval/ClassEval_14@BookManagementDB.search_books/main_cc.py,3,0,0,0,1,0,0,./tmp/_home_changshu_CODEMIND_dataset_classeval_ClassEval_14@BookManagementDB.search_books_main_cc.py.log
/home/changshu/CODEMIND/dataset/classeval/ClassEval_49@JobMarketplace.get_job_applicants/main_cc.py,5,0,1,3,0,0,0,./tmp/_home_changshu_CODEMIND_dataset_classeval_ClassEval_49@JobMarketplace.get_job_applicants_main_cc.py.log
/home/changshu/CODEMIND/dataset/classeval/ClassEval_31@DataStatistics4.pdf/main_cc.py,2,0,0,3,2,0,0,./tmp/_home_changshu_CODEMIND_dataset_classeval_ClassEval_31@DataStatistics4.pdf_main_cc.py.log
/home/changshu/CODEMIND/dataset/classeval/ClassEval_15@BoyerMooreSearch.mismatch_in_text/main_cc.py,5,4,1,0,0,0,0,./tmp/_home_changshu_CODEMIND_dataset_classeval_ClassEval_15@BoyerMooreSearch.mismatch_in_text_main_cc.py.log
/home/changshu/CODEMIND/dataset/classeval/ClassEval_95@Warehouse.change_order_status/main_cc.py,4,1,0,0,0,0,0,./tmp/_home_changshu_CODEMIND_dataset_classeval_ClassEval_95@Warehouse.change_order_status_main_cc.py.log
/home/changshu/CODEMIND/dataset/classeval/ClassEval_21@Classroom.is_free_at/main_cc.py,5,1,1,1,3,0,0,./tmp/_home_changshu_CODEMIND_dataset_classeval_ClassEval_21@Classroom.is_free_at_main_cc.py.log
/home/changshu/CODEMIND/dataset/classeval/ClassEval_24@ComplexCalculator.divide/main_cc.py,3,0,0,2,0,0,0,./tmp/_home_changshu_CODEMIND_dataset_classeval_ClassEval_24@ComplexCalculator.divide_main_cc.py.log
/home/changshu/CODEMIND/dataset/classeval/ClassEval_61@MusicPlayer.previous_song/main_cc.py,8,2,1,1,0,0,0,./tmp/_home_changshu_CODEMIND_dataset_classeval_ClassEval_61@MusicPlayer.previous_song_main_cc.py.log
/home/changshu/CODEMIND/dataset/classeval/ClassEval_79@SQLGenerator.select_by_age_range/main_cc.py,5,2,0,0,0,0,1,./tmp/_home_changshu_CODEMIND_dataset_classeval_ClassEval_79@SQLGenerator.select_by_age_range_main_cc.py.log
/home/changshu/CODEMIND/dataset/classeval/ClassEval_0@AccessGatewayFilter.is_start_with/main_cc.py,5,0,1,1,0,0,0,./tmp/_home_changshu_CODEMIND_dataset_classeval_ClassEval_0@AccessGatewayFilter.is_start_with_main_cc.py.log
/home/changshu/CODEMIND/dataset/classeval/ClassEval_79@SQLGenerator.delete/main_cc.py,3,0,0,0,0,0,0,./tmp/_home_changshu_CODEMIND_dataset_classeval_ClassEval_79@SQLGenerator.delete_main_cc.py.log
/home/changshu/CODEMIND/dataset/classeval/ClassEval_58@MinesweeperGame.generate_playerMap/main_cc.py,2,0,0,2,0,0,1,./tmp/_home_changshu_CODEMIND_dataset_classeval_ClassEval_58@MinesweeperGame.generate_playerMap_main_cc.py.log
/home/changshu/CODEMIND/dataset/classeval/ClassEval_82@StockPortfolioTracker.sell_stock/main_cc.py,7,3,3,1,0,0,1,./tmp/_home_changshu_CODEMIND_dataset_classeval_ClassEval_82@StockPortfolioTracker.sell_stock_main_cc.py.log
/home/changshu/CODEMIND/dataset/classeval/ClassEval_88@TriCalculator.tan/main_cc.py,7,2,0,0,1,0,3,./tmp/_home_changshu_CODEMIND_dataset_classeval_ClassEval_88@TriCalculator.tan_main_cc.py.log
/home/changshu/CODEMIND/dataset/classeval/ClassEval_21@Classroom.check_course_conflict/main_cc.py,6,2,2,1,4,0,0,./tmp/_home_changshu_CODEMIND_dataset_classeval_ClassEval_21@Classroom.check_course_conflict_main_cc.py.log
/home/changshu/CODEMIND/dataset/classeval/ClassEval_10@BinaryDataProcessor.convert_to_utf8/main_cc.py,4,0,0,0,0,0,0,./tmp/_home_changshu_CODEMIND_dataset_classeval_ClassEval_10@BinaryDataProcessor.convert_to_utf8_main_cc.py.log
/home/changshu/CODEMIND/dataset/classeval/ClassEval_59@MovieBookingSystem.add_movie/main_cc.py,3,0,0,1,3,0,0,./tmp/_home_changshu_CODEMIND_dataset_classeval_ClassEval_59@MovieBookingSystem.add_movie_main_cc.py.log
/home/changshu/CODEMIND/dataset/classeval/ClassEval_28@DatabaseProcessor.insert_into_database/main_cc.py,4,0,0,0,1,0,0,./tmp/_home_changshu_CODEMIND_dataset_classeval_ClassEval_28@DatabaseProcessor.insert_into_database_main_cc.py.log
/home/changshu/CODEMIND/dataset/classeval/ClassEval_91@UrlPath.parse/main_cc.py,8,1,4,3,0,0,1,./tmp/_home_changshu_CODEMIND_dataset_classeval_ClassEval_91@UrlPath.parse_main_cc.py.log
/home/changshu/CODEMIND/dataset/classeval/ClassEval_5@AutomaticGuitarSimulator.display/main_cc.py,3,0,0,0,0,0,0,./tmp/_home_changshu_CODEMIND_dataset_classeval_ClassEval_5@AutomaticGuitarSimulator.display_main_cc.py.log
/home/changshu/CODEMIND/dataset/classeval/ClassEval_51@KappaCalculator.kappa/main_cc.py,3,0,0,0,4,0,0,./tmp/_home_changshu_CODEMIND_dataset_classeval_ClassEval_51@KappaCalculator.kappa_main_cc.py.log
/home/changshu/CODEMIND/dataset/classeval/ClassEval_61@MusicPlayer.shuffle/main_cc.py,8,1,0,1,1,0,0,./tmp/_home_changshu_CODEMIND_dataset_classeval_ClassEval_61@MusicPlayer.shuffle_main_cc.py.log
/home/changshu/CODEMIND/dataset/classeval/ClassEval_92@UserLoginDB.validate_user_login/main_cc.py,4,1,0,0,1,0,1,./tmp/_home_changshu_CODEMIND_dataset_classeval_ClassEval_92@UserLoginDB.validate_user_login_main_cc.py.log
/home/changshu/CODEMIND/dataset/classeval/ClassEval_99@ZipFileProcessor.create_zip_file/main_cc.py,6,0,0,0,1,0,0,./tmp/_home_changshu_CODEMIND_dataset_classeval_ClassEval_99@ZipFileProcessor.create_zip_file_main_cc.py.log
/home/changshu/CODEMIND/dataset/classeval/ClassEval_36@EmailClient.send_to/main_cc.py,6,3,0,1,1,0,1,./tmp/_home_changshu_CODEMIND_dataset_classeval_ClassEval_36@EmailClient.send_to_main_cc.py.log
/home/changshu/CODEMIND/dataset/classeval/ClassEval_21@Classroom.add_course/main_cc.py,4,1,0,1,0,0,0,./tmp/_home_changshu_CODEMIND_dataset_classeval_ClassEval_21@Classroom.add_course_main_cc.py.log
/home/changshu/CODEMIND/dataset/classeval/ClassEval_26@CSVProcessor.read_csv/main_cc.py,3,0,0,1,1,0,0,./tmp/_home_changshu_CODEMIND_dataset_classeval_ClassEval_26@CSVProcessor.read_csv_main_cc.py.log
/home/changshu/CODEMIND/dataset/classeval/ClassEval_39@ExpressionCalculator.prepare/main_cc.py,16,8,11,4,2,0,3,./tmp/_home_changshu_CODEMIND_dataset_classeval_ClassEval_39@ExpressionCalculator.prepare_main_cc.py.log
/home/changshu/CODEMIND/dataset/classeval/ClassEval_95@Warehouse.create_order/main_cc.py,6,3,0,0,0,0,2,./tmp/_home_changshu_CODEMIND_dataset_classeval_ClassEval_95@Warehouse.create_order_main_cc.py.log
/home/changshu/CODEMIND/dataset/classeval/ClassEval_89@TwentyFourPointGame.get_my_cards/main_cc.py,4,0,0,2,1,0,1,./tmp/_home_changshu_CODEMIND_dataset_classeval_ClassEval_89@TwentyFourPointGame.get_my_cards_main_cc.py.log
/home/changshu/CODEMIND/dataset/classeval/ClassEval_73@RPGCharacter.gain_exp/main_cc.py,6,3,1,0,0,0,1,./tmp/_home_changshu_CODEMIND_dataset_classeval_ClassEval_73@RPGCharacter.gain_exp_main_cc.py.log
/home/changshu/CODEMIND/dataset/classeval/ClassEval_31@DataStatistics4.skewness/main_cc.py,2,0,0,4,1,0,0,./tmp/_home_changshu_CODEMIND_dataset_classeval_ClassEval_31@DataStatistics4.skewness_main_cc.py.log
/home/changshu/CODEMIND/dataset/classeval/ClassEval_96@WeatherSystem.query/main_cc.py,9,4,1,0,0,0,2,./tmp/_home_changshu_CODEMIND_dataset_classeval_ClassEval_96@WeatherSystem.query_main_cc.py.log
/home/changshu/CODEMIND/dataset/classeval/ClassEval_80@SQLQueryBuilder.select/main_cc.py,4,1,0,1,0,0,0,./tmp/_home_changshu_CODEMIND_dataset_classeval_ClassEval_80@SQLQueryBuilder.select_main_cc.py.log
/home/changshu/CODEMIND/dataset/classeval/ClassEval_15@BoyerMooreSearch.match_in_pattern/main_cc.py,5,4,1,0,0,0,0,./tmp/_home_changshu_CODEMIND_dataset_classeval_ClassEval_15@BoyerMooreSearch.match_in_pattern_main_cc.py.log
/home/changshu/CODEMIND/dataset/classeval/ClassEval_26@CSVProcessor.process_csv_data/main_cc.py,6,0,0,4,2,0,2,./tmp/_home_changshu_CODEMIND_dataset_classeval_ClassEval_26@CSVProcessor.process_csv_data_main_cc.py.log
/home/changshu/CODEMIND/dataset/classeval/ClassEval_19@ChandrasekharSieve.get_primes/main_cc.py,3,0,0,0,0,0,0,./tmp/_home_changshu_CODEMIND_dataset_classeval_ClassEval_19@ChandrasekharSieve.get_primes_main_cc.py.log
/home/changshu/CODEMIND/dataset/classeval/ClassEval_82@StockPortfolioTracker.buy_stock/main_cc.py,6,2,1,1,0,0,1,./tmp/_home_changshu_CODEMIND_dataset_classeval_ClassEval_82@StockPortfolioTracker.buy_stock_main_cc.py.log
/home/changshu/CODEMIND/dataset/classeval/ClassEval_64@NumberConverter.decimal_to_binary/main_cc.py,2,0,0,0,0,0,0,./tmp/_home_changshu_CODEMIND_dataset_classeval_ClassEval_64@NumberConverter.decimal_to_binary_main_cc.py.log
/home/changshu/CODEMIND/dataset/classeval/ClassEval_88@TriCalculator.taylor/main_cc.py,6,2,1,0,0,0,2,./tmp/_home_changshu_CODEMIND_dataset_classeval_ClassEval_88@TriCalculator.taylor_main_cc.py.log
/home/changshu/CODEMIND/dataset/classeval/ClassEval_49@JobMarketplace.withdraw_resume/main_cc.py,3,0,0,2,0,0,0,./tmp/_home_changshu_CODEMIND_dataset_classeval_ClassEval_49@JobMarketplace.withdraw_resume_main_cc.py.log
/home/changshu/CODEMIND/dataset/classeval/ClassEval_48@IpUtil.get_hostname/main_cc.py,5,0,0,2,1,0,0,./tmp/_home_changshu_CODEMIND_dataset_classeval_ClassEval_48@IpUtil.get_hostname_main_cc.py.log
/home/changshu/CODEMIND/dataset/classeval/ClassEval_18@CamelCaseMap._to_camel_case/main_cc.py,3,0,0,3,0,0,0,./tmp/_home_changshu_CODEMIND_dataset_classeval_ClassEval_18@CamelCaseMap._to_camel_case_main_cc.py.log
/home/changshu/CODEMIND/dataset/classeval/ClassEval_30@DataStatistics2.get_correlation/main_cc.py,3,0,0,0,2,0,0,./tmp/_home_changshu_CODEMIND_dataset_classeval_ClassEval_30@DataStatistics2.get_correlation_main_cc.py.log
/home/changshu/CODEMIND/dataset/classeval/ClassEval_30@DataStatistics2.get_variance/main_cc.py,3,0,0,0,2,0,0,./tmp/_home_changshu_CODEMIND_dataset_classeval_ClassEval_30@DataStatistics2.get_variance_main_cc.py.log
/home/changshu/CODEMIND/dataset/classeval/ClassEval_12@BlackjackGame.create_deck/main_cc.py,4,0,1,5,1,0,1,./tmp/_home_changshu_CODEMIND_dataset_classeval_ClassEval_12@BlackjackGame.create_deck_main_cc.py.log
/home/changshu/CODEMIND/dataset/classeval/ClassEval_58@MinesweeperGame.sweep/main_cc.py,8,3,4,0,0,0,1,./tmp/_home_changshu_CODEMIND_dataset_classeval_ClassEval_58@MinesweeperGame.sweep_main_cc.py.log
/home/changshu/CODEMIND/dataset/classeval/ClassEval_30@DataStatistics2.get_sum/main_cc.py,3,0,0,0,2,0,0,./tmp/_home_changshu_CODEMIND_dataset_classeval_ClassEval_30@DataStatistics2.get_sum_main_cc.py.log
/home/changshu/CODEMIND/dataset/classeval/ClassEval_50@JSONProcessor.process_json/main_cc.py,11,3,0,0,3,0,2,./tmp/_home_changshu_CODEMIND_dataset_classeval_ClassEval_50@JSONProcessor.process_json_main_cc.py.log
/home/changshu/CODEMIND/dataset/classeval/ClassEval_45@ImageProcessor.rotate_image/main_cc.py,4,0,0,0,0,0,0,./tmp/_home_changshu_CODEMIND_dataset_classeval_ClassEval_45@ImageProcessor.rotate_image_main_cc.py.log
/home/changshu/CODEMIND/dataset/classeval/ClassEval_87@TimeUtils.get_minutes/main_cc.py,4,0,0,0,2,0,2,./tmp/_home_changshu_CODEMIND_dataset_classeval_ClassEval_87@TimeUtils.get_minutes_main_cc.py.log
/home/changshu/CODEMIND/dataset/classeval/ClassEval_2@ArgumentParser.add_argument/main_cc.py,4,0,0,0,0,0,0,./tmp/_home_changshu_CODEMIND_dataset_classeval_ClassEval_2@ArgumentParser.add_argument_main_cc.py.log
/home/changshu/CODEMIND/dataset/classeval/ClassEval_36@EmailClient.get_occupied_size/main_cc.py,4,0,0,1,0,0,0,./tmp/_home_changshu_CODEMIND_dataset_classeval_ClassEval_36@EmailClient.get_occupied_size_main_cc.py.log
/home/changshu/CODEMIND/dataset/classeval/ClassEval_27@CurrencyConverter.convert/main_cc.py,5,2,0,0,0,0,0,./tmp/_home_changshu_CODEMIND_dataset_classeval_ClassEval_27@CurrencyConverter.convert_main_cc.py.log
/home/changshu/CODEMIND/dataset/classeval/ClassEval_87@TimeUtils.add_seconds/main_cc.py,3,0,0,0,2,0,0,./tmp/_home_changshu_CODEMIND_dataset_classeval_ClassEval_87@TimeUtils.add_seconds_main_cc.py.log
/home/changshu/CODEMIND/dataset/classeval/ClassEval_60@MovieTicketDB.delete_ticket/main_cc.py,3,0,0,0,1,0,0,./tmp/_home_changshu_CODEMIND_dataset_classeval_ClassEval_60@MovieTicketDB.delete_ticket_main_cc.py.log
/home/changshu/CODEMIND/dataset/classeval/ClassEval_34@DocFileHandler.add_table/main_cc.py,9,0,1,0,1,0,0,./tmp/_home_changshu_CODEMIND_dataset_classeval_ClassEval_34@DocFileHandler.add_table_main_cc.py.log
/home/changshu/CODEMIND/dataset/classeval/ClassEval_75@ShoppingCart.remove_item/main_cc.py,4,1,0,0,0,0,0,./tmp/_home_changshu_CODEMIND_dataset_classeval_ClassEval_75@ShoppingCart.remove_item_main_cc.py.log
/home/changshu/CODEMIND/dataset/classeval/ClassEval_45@ImageProcessor.load_image/main_cc.py,3,0,0,0,1,0,0,./tmp/_home_changshu_CODEMIND_dataset_classeval_ClassEval_45@ImageProcessor.load_image_main_cc.py.log
/home/changshu/CODEMIND/dataset/classeval/ClassEval_44@HtmlUtil.format_line_html_text/main_cc.py,13,5,10,3,4,0,1,./tmp/_home_changshu_CODEMIND_dataset_classeval_ClassEval_44@HtmlUtil.format_line_html_text_main_cc.py.log
/home/changshu/CODEMIND/dataset/classeval/ClassEval_50@JSONProcessor.read_json/main_cc.py,6,1,0,0,2,0,0,./tmp/_home_changshu_CODEMIND_dataset_classeval_ClassEval_50@JSONProcessor.read_json_main_cc.py.log
/home/changshu/CODEMIND/dataset/classeval/ClassEval_36@EmailClient.fetch/main_cc.py,6,2,1,1,0,0,0,./tmp/_home_changshu_CODEMIND_dataset_classeval_ClassEval_36@EmailClient.fetch_main_cc.py.log
/home/changshu/CODEMIND/dataset/classeval/ClassEval_17@CalendarUtil.get_events/main_cc.py,5,1,1,2,0,0,0,./tmp/_home_changshu_CODEMIND_dataset_classeval_ClassEval_17@CalendarUtil.get_events_main_cc.py.log
/home/changshu/CODEMIND/dataset/classeval/ClassEval_64@NumberConverter.binary_to_decimal/main_cc.py,2,0,0,2,0,0,0,./tmp/_home_changshu_CODEMIND_dataset_classeval_ClassEval_64@NumberConverter.binary_to_decimal_main_cc.py.log
/home/changshu/CODEMIND/dataset/classeval/ClassEval_80@SQLQueryBuilder.insert/main_cc.py,2,0,0,3,0,0,0,./tmp/_home_changshu_CODEMIND_dataset_classeval_ClassEval_80@SQLQueryBuilder.insert_main_cc.py.log
/home/changshu/CODEMIND/dataset/classeval/ClassEval_20@Chat.send_message/main_cc.py,4,1,0,0,1,0,0,./tmp/_home_changshu_CODEMIND_dataset_classeval_ClassEval_20@Chat.send_message_main_cc.py.log
/home/changshu/CODEMIND/dataset/classeval/ClassEval_32@DecryptionUtils.caesar_decipher/main_cc.py,6,0,3,0,0,0,0,./tmp/_home_changshu_CODEMIND_dataset_classeval_ClassEval_32@DecryptionUtils.caesar_decipher_main_cc.py.log
/home/changshu/CODEMIND/dataset/classeval/ClassEval_8@BankAccount.transfer/main_cc.py,3,3,0,0,0,0,1,./tmp/_home_changshu_CODEMIND_dataset_classeval_ClassEval_8@BankAccount.transfer_main_cc.py.log
/home/changshu/CODEMIND/dataset/classeval/ClassEval_5@AutomaticGuitarSimulator.interpret/main_cc.py,8,1,8,2,0,0,1,./tmp/_home_changshu_CODEMIND_dataset_classeval_ClassEval_5@AutomaticGuitarSimulator.interpret_main_cc.py.log
/home/changshu/CODEMIND/dataset/classeval/ClassEval_93@VectorUtil.n_similarity/main_cc.py,2,1,0,2,5,0,0,./tmp/_home_changshu_CODEMIND_dataset_classeval_ClassEval_93@VectorUtil.n_similarity_main_cc.py.log
/home/changshu/CODEMIND/dataset/classeval/ClassEval_83@StudentDatabaseProcessor.create_student_table/main_cc.py,3,0,0,0,1,0,0,./tmp/_home_changshu_CODEMIND_dataset_classeval_ClassEval_83@StudentDatabaseProcessor.create_student_table_main_cc.py.log
/home/changshu/CODEMIND/dataset/classeval/ClassEval_53@LongestWord.find_longest_word/main_cc.py,5,1,1,1,3,0,0,./tmp/_home_changshu_CODEMIND_dataset_classeval_ClassEval_53@LongestWord.find_longest_word_main_cc.py.log
/home/changshu/CODEMIND/dataset/classeval/ClassEval_76@SignInSystem.all_signed_in/main_cc.py,4,0,0,0,0,0,0,./tmp/_home_changshu_CODEMIND_dataset_classeval_ClassEval_76@SignInSystem.all_signed_in_main_cc.py.log
/home/changshu/CODEMIND/dataset/classeval/ClassEval_95@Warehouse.track_order/main_cc.py,4,1,0,0,0,0,0,./tmp/_home_changshu_CODEMIND_dataset_classeval_ClassEval_95@Warehouse.track_order_main_cc.py.log
/home/changshu/CODEMIND/dataset/classeval/ClassEval_3@ArrangementCalculator.count/main_cc.py,5,2,0,2,0,0,0,./tmp/_home_changshu_CODEMIND_dataset_classeval_ClassEval_3@ArrangementCalculator.count_main_cc.py.log
/home/changshu/CODEMIND/dataset/classeval/ClassEval_34@DocFileHandler.write_text/main_cc.py,6,0,0,0,2,0,1,./tmp/_home_changshu_CODEMIND_dataset_classeval_ClassEval_34@DocFileHandler.write_text_main_cc.py.log
/home/changshu/CODEMIND/dataset/classeval/ClassEval_55@Manacher.palindromic_string/main_cc.py,10,3,2,0,0,0,2,./tmp/_home_changshu_CODEMIND_dataset_classeval_ClassEval_55@Manacher.palindromic_string_main_cc.py.log
/home/changshu/CODEMIND/dataset/classeval/ClassEval_65@NumberWordFormatter.trans_two/main_cc.py,6,3,0,5,0,0,0,./tmp/_home_changshu_CODEMIND_dataset_classeval_ClassEval_65@NumberWordFormatter.trans_two_main_cc.py.log
/home/changshu/CODEMIND/dataset/classeval/ClassEval_82@StockPortfolioTracker.calculate_portfolio_value/main_cc.py,4,0,0,1,0,0,0,./tmp/_home_changshu_CODEMIND_dataset_classeval_ClassEval_82@StockPortfolioTracker.calculate_portfolio_value_main_cc.py.log
/home/changshu/CODEMIND/dataset/classeval/ClassEval_34@DocFileHandler._get_alignment_value/main_cc.py,3,0,0,0,0,0,0,./tmp/_home_changshu_CODEMIND_dataset_classeval_ClassEval_34@DocFileHandler._get_alignment_value_main_cc.py.log
/home/changshu/CODEMIND/dataset/classeval/ClassEval_88@TriCalculator.factorial/main_cc.py,4,1,0,0,0,0,0,./tmp/_home_changshu_CODEMIND_dataset_classeval_ClassEval_88@TriCalculator.factorial_main_cc.py.log
/home/changshu/CODEMIND/dataset/classeval/ClassEval_62@NLPDataProcessor.process/main_cc.py,5,1,3,2,0,0,2,./tmp/_home_changshu_CODEMIND_dataset_classeval_ClassEval_62@NLPDataProcessor.process_main_cc.py.log
/home/changshu/CODEMIND/dataset/classeval/ClassEval_66@NumericEntityUnescaper.is_hex_char/main_cc.py,3,0,0,2,0,0,0,./tmp/_home_changshu_CODEMIND_dataset_classeval_ClassEval_66@NumericEntityUnescaper.is_hex_char_main_cc.py.log
/home/changshu/CODEMIND/dataset/classeval/ClassEval_42@Hotel.get_available_rooms/main_cc.py,3,0,0,0,0,0,0,./tmp/_home_changshu_CODEMIND_dataset_classeval_ClassEval_42@Hotel.get_available_rooms_main_cc.py.log
/home/changshu/CODEMIND/dataset/classeval/ClassEval_16@Calculator.precedence/main_cc.py,3,0,0,10,0,0,0,./tmp/_home_changshu_CODEMIND_dataset_classeval_ClassEval_16@Calculator.precedence_main_cc.py.log
/home/changshu/CODEMIND/dataset/classeval/ClassEval_16@Calculator.calculate/main_cc.py,17,7,9,12,0,0,5,./tmp/_home_changshu_CODEMIND_dataset_classeval_ClassEval_16@Calculator.calculate_main_cc.py.log
/home/changshu/CODEMIND/dataset/classeval/ClassEval_62@NLPDataProcessor.remove_stop_words/main_cc.py,5,1,3,1,0,0,0,./tmp/_home_changshu_CODEMIND_dataset_classeval_ClassEval_62@NLPDataProcessor.remove_stop_words_main_cc.py.log
/home/changshu/CODEMIND/dataset/classeval/ClassEval_61@MusicPlayer.set_volume/main_cc.py,4,1,0,1,0,0,0,./tmp/_home_changshu_CODEMIND_dataset_classeval_ClassEval_61@MusicPlayer.set_volume_main_cc.py.log
/home/changshu/CODEMIND/dataset/classeval/ClassEval_72@RegexUtils.validate_phone_number/main_cc.py,5,0,0,0,1,0,2,./tmp/_home_changshu_CODEMIND_dataset_classeval_ClassEval_72@RegexUtils.validate_phone_number_main_cc.py.log
/home/changshu/CODEMIND/dataset/classeval/ClassEval_72@RegexUtils.findall/main_cc.py,5,0,0,0,1,0,0,./tmp/_home_changshu_CODEMIND_dataset_classeval_ClassEval_72@RegexUtils.findall_main_cc.py.log
/home/changshu/CODEMIND/dataset/classeval/ClassEval_18@CamelCaseMap.__setitem__/main_cc.py,5,0,0,0,0,0,1,./tmp/_home_changshu_CODEMIND_dataset_classeval_ClassEval_18@CamelCaseMap.__setitem___main_cc.py.log
/home/changshu/CODEMIND/dataset/classeval/ClassEval_7@BalancedBrackets.check_balanced_brackets/main_cc.py,12,8,16,4,0,0,1,./tmp/_home_changshu_CODEMIND_dataset_classeval_ClassEval_7@BalancedBrackets.check_balanced_brackets_main_cc.py.log
/home/changshu/CODEMIND/dataset/classeval/ClassEval_30@DataStatistics2.get_std_deviation/main_cc.py,3,0,0,0,2,0,0,./tmp/_home_changshu_CODEMIND_dataset_classeval_ClassEval_30@DataStatistics2.get_std_deviation_main_cc.py.log
/home/changshu/CODEMIND/dataset/classeval/ClassEval_46@Interpolation.interpolate_1d/main_cc.py,6,2,3,1,0,0,0,./tmp/_home_changshu_CODEMIND_dataset_classeval_ClassEval_46@Interpolation.interpolate_1d_main_cc.py.log
/home/changshu/CODEMIND/dataset/classeval/ClassEval_77@Snake.eat_food/main_cc.py,4,1,0,1,2,0,1,./tmp/_home_changshu_CODEMIND_dataset_classeval_ClassEval_77@Snake.eat_food_main_cc.py.log
/home/changshu/CODEMIND/dataset/classeval/ClassEval_36@EmailClient.clear_inbox/main_cc.py,5,2,0,1,0,0,0,./tmp/_home_changshu_CODEMIND_dataset_classeval_ClassEval_36@EmailClient.clear_inbox_main_cc.py.log
/home/changshu/CODEMIND/dataset/classeval/ClassEval_79@SQLGenerator.update/main_cc.py,3,0,0,1,0,0,0,./tmp/_home_changshu_CODEMIND_dataset_classeval_ClassEval_79@SQLGenerator.update_main_cc.py.log
/home/changshu/CODEMIND/dataset/classeval/ClassEval_54@MahjongConnect.is_valid_move/main_cc.py,13,8,8,2,0,0,1,./tmp/_home_changshu_CODEMIND_dataset_classeval_ClassEval_54@MahjongConnect.is_valid_move_main_cc.py.log
/home/changshu/CODEMIND/dataset/classeval/ClassEval_34@DocFileHandler.read_text/main_cc.py,4,0,0,1,1,0,0,./tmp/_home_changshu_CODEMIND_dataset_classeval_ClassEval_34@DocFileHandler.read_text_main_cc.py.log
/home/changshu/CODEMIND/dataset/classeval/ClassEval_81@Statistics3.standard_deviation/main_cc.py,4,2,0,5,1,0,0,./tmp/_home_changshu_CODEMIND_dataset_classeval_ClassEval_81@Statistics3.standard_deviation_main_cc.py.log
/home/changshu/CODEMIND/dataset/classeval/ClassEval_76@SignInSystem.add_user/main_cc.py,4,1,0,0,0,0,0,./tmp/_home_changshu_CODEMIND_dataset_classeval_ClassEval_76@SignInSystem.add_user_main_cc.py.log
/home/changshu/CODEMIND/dataset/classeval/ClassEval_87@TimeUtils.datetime_to_string/main_cc.py,3,0,0,0,2,0,0,./tmp/_home_changshu_CODEMIND_dataset_classeval_ClassEval_87@TimeUtils.datetime_to_string_main_cc.py.log
/home/changshu/CODEMIND/dataset/classeval/ClassEval_39@ExpressionCalculator.calculate/main_cc.py,27,16,18,8,15,0,6,./tmp/_home_changshu_CODEMIND_dataset_classeval_ClassEval_39@ExpressionCalculator.calculate_main_cc.py.log
/home/changshu/CODEMIND/dataset/classeval/ClassEval_54@MahjongConnect.is_game_over/main_cc.py,5,2,1,1,0,0,0,./tmp/_home_changshu_CODEMIND_dataset_classeval_ClassEval_54@MahjongConnect.is_game_over_main_cc.py.log
/home/changshu/CODEMIND/dataset/classeval/ClassEval_1@AreaCalculator.calculate_circle_area/main_cc.py,3,0,0,0,0,0,0,./tmp/_home_changshu_CODEMIND_dataset_classeval_ClassEval_1@AreaCalculator.calculate_circle_area_main_cc.py.log
/home/changshu/CODEMIND/dataset/classeval/ClassEval_27@CurrencyConverter.update_currency_rate/main_cc.py,4,1,0,0,0,0,0,./tmp/_home_changshu_CODEMIND_dataset_classeval_ClassEval_27@CurrencyConverter.update_currency_rate_main_cc.py.log
/home/changshu/CODEMIND/dataset/classeval/ClassEval_31@DataStatistics4.correlation_coefficient/main_cc.py,2,0,0,3,2,0,0,./tmp/_home_changshu_CODEMIND_dataset_classeval_ClassEval_31@DataStatistics4.correlation_coefficient_main_cc.py.log
/home/changshu/CODEMIND/dataset/classeval/ClassEval_73@RPGCharacter.is_alive/main_cc.py,3,0,0,0,0,0,0,./tmp/_home_changshu_CODEMIND_dataset_classeval_ClassEval_73@RPGCharacter.is_alive_main_cc.py.log
/home/changshu/CODEMIND/dataset/classeval/ClassEval_63@NLPDataProcessor2.process_data/main_cc.py,3,0,0,1,1,0,1,./tmp/_home_changshu_CODEMIND_dataset_classeval_ClassEval_63@NLPDataProcessor2.process_data_main_cc.py.log
/home/changshu/CODEMIND/dataset/classeval/ClassEval_10@BinaryDataProcessor.calculate_binary_info/main_cc.py,3,0,0,0,0,0,0,./tmp/_home_changshu_CODEMIND_dataset_classeval_ClassEval_10@BinaryDataProcessor.calculate_binary_info_main_cc.py.log
/home/changshu/CODEMIND/dataset/classeval/ClassEval_40@FitnessTracker.calculate_calorie_intake/main_cc.py,10,6,0,3,0,0,2,./tmp/_home_changshu_CODEMIND_dataset_classeval_ClassEval_40@FitnessTracker.calculate_calorie_intake_main_cc.py.log
/home/changshu/CODEMIND/dataset/classeval/ClassEval_68@PageUtil.get_page_info/main_cc.py,4,1,0,0,0,0,0,./tmp/_home_changshu_CODEMIND_dataset_classeval_ClassEval_68@PageUtil.get_page_info_main_cc.py.log
/home/changshu/CODEMIND/dataset/classeval/ClassEval_68@PageUtil.search/main_cc.py,3,1,0,1,0,0,0,./tmp/_home_changshu_CODEMIND_dataset_classeval_ClassEval_68@PageUtil.search_main_cc.py.log
/home/changshu/CODEMIND/dataset/classeval/ClassEval_42@Hotel.book_room/main_cc.py,7,4,1,0,0,0,0,./tmp/_home_changshu_CODEMIND_dataset_classeval_ClassEval_42@Hotel.book_room_main_cc.py.log
/home/changshu/CODEMIND/dataset/classeval/ClassEval_71@PushBoxGame.check_win/main_cc.py,6,2,1,2,0,0,0,./tmp/_home_changshu_CODEMIND_dataset_classeval_ClassEval_71@PushBoxGame.check_win_main_cc.py.log
/home/changshu/CODEMIND/dataset/classeval/ClassEval_32@DecryptionUtils.vigenere_decipher/main_cc.py,5,0,1,0,0,0,0,./tmp/_home_changshu_CODEMIND_dataset_classeval_ClassEval_32@DecryptionUtils.vigenere_decipher_main_cc.py.log
/home/changshu/CODEMIND/dataset/classeval/ClassEval_87@TimeUtils.get_current_date/main_cc.py,3,0,0,0,1,0,0,./tmp/_home_changshu_CODEMIND_dataset_classeval_ClassEval_87@TimeUtils.get_current_date_main_cc.py.log
/home/changshu/CODEMIND/dataset/classeval/ClassEval_83@StudentDatabaseProcessor.search_student_by_name/main_cc.py,3,0,0,0,1,0,0,./tmp/_home_changshu_CODEMIND_dataset_classeval_ClassEval_83@StudentDatabaseProcessor.search_student_by_name_main_cc.py.log
/home/changshu/CODEMIND/dataset/classeval/ClassEval_39@ExpressionCalculator.is_operator/main_cc.py,3,0,0,3,1,0,0,./tmp/_home_changshu_CODEMIND_dataset_classeval_ClassEval_39@ExpressionCalculator.is_operator_main_cc.py.log
/home/changshu/CODEMIND/dataset/classeval/ClassEval_16@Calculator.apply_operator/main_cc.py,5,1,0,10,0,0,0,./tmp/_home_changshu_CODEMIND_dataset_classeval_ClassEval_16@Calculator.apply_operator_main_cc.py.log
/home/changshu/CODEMIND/dataset/classeval/ClassEval_63@NLPDataProcessor2.process/main_cc.py,4,0,0,3,2,0,2,./tmp/_home_changshu_CODEMIND_dataset_classeval_ClassEval_63@NLPDataProcessor2.process_main_cc.py.log
/home/changshu/CODEMIND/dataset/classeval/ClassEval_50@JSONProcessor.write_json/main_cc.py,5,0,0,0,1,0,0,./tmp/_home_changshu_CODEMIND_dataset_classeval_ClassEval_50@JSONProcessor.write_json_main_cc.py.log
/home/changshu/CODEMIND/dataset/classeval/ClassEval_72@RegexUtils.extract_email/main_cc.py,4,0,0,0,1,0,2,./tmp/_home_changshu_CODEMIND_dataset_classeval_ClassEval_72@RegexUtils.extract_email_main_cc.py.log
/home/changshu/CODEMIND/dataset/classeval/ClassEval_39@ExpressionCalculator.transform/main_cc.py,8,4,6,3,3,0,0,./tmp/_home_changshu_CODEMIND_dataset_classeval_ClassEval_39@ExpressionCalculator.transform_main_cc.py.log
/home/changshu/CODEMIND/dataset/classeval/ClassEval_3@ArrangementCalculator.select/main_cc.py,5,1,0,1,1,0,0,./tmp/_home_changshu_CODEMIND_dataset_classeval_ClassEval_3@ArrangementCalculator.select_main_cc.py.log
/home/changshu/CODEMIND/dataset/classeval/ClassEval_87@TimeUtils.string_to_datetime/main_cc.py,3,0,0,0,2,0,0,./tmp/_home_changshu_CODEMIND_dataset_classeval_ClassEval_87@TimeUtils.string_to_datetime_main_cc.py.log
/home/changshu/CODEMIND/dataset/classeval/ClassEval_27@CurrencyConverter.get_supported_currencies/main_cc.py,3,0,0,0,0,0,0,./tmp/_home_changshu_CODEMIND_dataset_classeval_ClassEval_27@CurrencyConverter.get_supported_currencies_main_cc.py.log
/home/changshu/CODEMIND/dataset/classeval/ClassEval_20@Chat.add_user/main_cc.py,4,1,0,1,0,0,0,./tmp/_home_changshu_CODEMIND_dataset_classeval_ClassEval_20@Chat.add_user_main_cc.py.log
/home/changshu/CODEMIND/dataset/classeval/ClassEval_98@XMLProcessor.write_xml/main_cc.py,6,0,0,0,1,0,0,./tmp/_home_changshu_CODEMIND_dataset_classeval_ClassEval_98@XMLProcessor.write_xml_main_cc.py.log
/home/changshu/CODEMIND/dataset/classeval/ClassEval_73@RPGCharacter.attack/main_cc.py,3,0,0,0,0,0,0,./tmp/_home_changshu_CODEMIND_dataset_classeval_ClassEval_73@RPGCharacter.attack_main_cc.py.log
/home/changshu/CODEMIND/dataset/classeval/ClassEval_22@ClassRegistrationSystem.get_students_by_major/main_cc.py,5,1,1,2,0,0,0,./tmp/_home_changshu_CODEMIND_dataset_classeval_ClassEval_22@ClassRegistrationSystem.get_students_by_major_main_cc.py.log
/home/changshu/CODEMIND/dataset/classeval/ClassEval_84@TextFileProcessor.process_file/main_cc.py,3,0,0,1,0,0,2,./tmp/_home_changshu_CODEMIND_dataset_classeval_ClassEval_84@TextFileProcessor.process_file_main_cc.py.log
/home/changshu/CODEMIND/dataset/classeval/ClassEval_76@SignInSystem.check_sign_in/main_cc.py,5,1,0,0,0,0,0,./tmp/_home_changshu_CODEMIND_dataset_classeval_ClassEval_76@SignInSystem.check_sign_in_main_cc.py.log
/home/changshu/CODEMIND/dataset/classeval/ClassEval_10@BinaryDataProcessor.clean_non_binary_chars/main_cc.py,2,1,0,2,0,0,1,./tmp/_home_changshu_CODEMIND_dataset_classeval_ClassEval_10@BinaryDataProcessor.clean_non_binary_chars_main_cc.py.log
/home/changshu/CODEMIND/dataset/classeval/ClassEval_41@GomokuGame.check_winner/main_cc.py,12,3,12,3,0,0,1,./tmp/_home_changshu_CODEMIND_dataset_classeval_ClassEval_41@GomokuGame.check_winner_main_cc.py.log
/home/changshu/CODEMIND/dataset/classeval/ClassEval_56@MetricsCalculator.update/main_cc.py,8,4,1,0,0,0,0,./tmp/_home_changshu_CODEMIND_dataset_classeval_ClassEval_56@MetricsCalculator.update_main_cc.py.log
/home/changshu/CODEMIND/dataset/classeval/ClassEval_28@DatabaseProcessor.create_table/main_cc.py,3,0,0,0,1,0,0,./tmp/_home_changshu_CODEMIND_dataset_classeval_ClassEval_28@DatabaseProcessor.create_table_main_cc.py.log
/home/changshu/CODEMIND/dataset/classeval/ClassEval_37@EncryptionUtils.rail_fence_cipher/main_cc.py,8,2,4,2,0,0,0,./tmp/_home_changshu_CODEMIND_dataset_classeval_ClassEval_37@EncryptionUtils.rail_fence_cipher_main_cc.py.log
/home/changshu/CODEMIND/dataset/classeval/ClassEval_54@MahjongConnect.has_path/main_cc.py,9,4,8,2,0,0,0,./tmp/_home_changshu_CODEMIND_dataset_classeval_ClassEval_54@MahjongConnect.has_path_main_cc.py.log
/home/changshu/CODEMIND/dataset/classeval/ClassEval_22@ClassRegistrationSystem.register_class/main_cc.py,4,1,0,2,0,0,0,./tmp/_home_changshu_CODEMIND_dataset_classeval_ClassEval_22@ClassRegistrationSystem.register_class_main_cc.py.log
/home/changshu/CODEMIND/dataset/classeval/ClassEval_90@URLHandler.get_scheme/main_cc.py,4,1,0,0,0,0,0,./tmp/_home_changshu_CODEMIND_dataset_classeval_ClassEval_90@URLHandler.get_scheme_main_cc.py.log
/home/changshu/CODEMIND/dataset/classeval/ClassEval_98@XMLProcessor.process_xml_data/main_cc.py,7,0,0,0,1,0,1,./tmp/_home_changshu_CODEMIND_dataset_classeval_ClassEval_98@XMLProcessor.process_xml_data_main_cc.py.log
/home/changshu/CODEMIND/dataset/classeval/ClassEval_65@NumberWordFormatter.trans_three/main_cc.py,8,5,0,5,0,0,2,./tmp/_home_changshu_CODEMIND_dataset_classeval_ClassEval_65@NumberWordFormatter.trans_three_main_cc.py.log
/home/changshu/CODEMIND/dataset/classeval/ClassEval_2@ArgumentParser.get_argument/main_cc.py,3,0,0,0,0,0,0,./tmp/_home_changshu_CODEMIND_dataset_classeval_ClassEval_2@ArgumentParser.get_argument_main_cc.py.log
/home/changshu/CODEMIND/dataset/classeval/ClassEval_56@MetricsCalculator.f1_score/main_cc.py,13,7,1,0,0,0,5,./tmp/_home_changshu_CODEMIND_dataset_classeval_ClassEval_56@MetricsCalculator.f1_score_main_cc.py.log
/home/changshu/CODEMIND/dataset/classeval/ClassEval_10@BinaryDataProcessor.convert_to_ascii/main_cc.py,4,0,0,0,0,0,0,./tmp/_home_changshu_CODEMIND_dataset_classeval_ClassEval_10@BinaryDataProcessor.convert_to_ascii_main_cc.py.log
/home/changshu/CODEMIND/dataset/classeval/ClassEval_57@MetricsCalculator2.map/main_cc.py,13,8,16,8,9,0,0,./tmp/_home_changshu_CODEMIND_dataset_classeval_ClassEval_57@MetricsCalculator2.map_main_cc.py.log
/home/changshu/CODEMIND/dataset/classeval/ClassEval_85@Thermostat.auto_set_mode/main_cc.py,4,1,0,0,0,0,0,./tmp/_home_changshu_CODEMIND_dataset_classeval_ClassEval_85@Thermostat.auto_set_mode_main_cc.py.log
/home/changshu/CODEMIND/dataset/classeval/ClassEval_23@CombinationCalculator._select/main_cc.py,6,2,0,2,0,0,2,./tmp/_home_changshu_CODEMIND_dataset_classeval_ClassEval_23@CombinationCalculator._select_main_cc.py.log
/home/changshu/CODEMIND/dataset/classeval/ClassEval_32@DecryptionUtils.rail_fence_decipher/main_cc.py,10,3,5,2,0,0,0,./tmp/_home_changshu_CODEMIND_dataset_classeval_ClassEval_32@DecryptionUtils.rail_fence_decipher_main_cc.py.log
/home/changshu/CODEMIND/dataset/classeval/ClassEval_3@ArrangementCalculator.count_all/main_cc.py,5,2,0,2,0,0,0,./tmp/_home_changshu_CODEMIND_dataset_classeval_ClassEval_3@ArrangementCalculator.count_all_main_cc.py.log
/home/changshu/CODEMIND/dataset/classeval/ClassEval_85@Thermostat.set_mode/main_cc.py,4,1,0,1,0,0,0,./tmp/_home_changshu_CODEMIND_dataset_classeval_ClassEval_85@Thermostat.set_mode_main_cc.py.log
/home/changshu/CODEMIND/dataset/classeval/ClassEval_18@CamelCaseMap.__getitem__/main_cc.py,5,0,0,0,0,0,1,./tmp/_home_changshu_CODEMIND_dataset_classeval_ClassEval_18@CamelCaseMap.__getitem___main_cc.py.log
/home/changshu/CODEMIND/dataset/classeval/ClassEval_75@ShoppingCart.add_item/main_cc.py,4,1,0,0,0,0,0,./tmp/_home_changshu_CODEMIND_dataset_classeval_ClassEval_75@ShoppingCart.add_item_main_cc.py.log
/home/changshu/CODEMIND/dataset/classeval/ClassEval_7@BalancedBrackets.clear_expr/main_cc.py,3,1,0,4,0,0,0,./tmp/_home_changshu_CODEMIND_dataset_classeval_ClassEval_7@BalancedBrackets.clear_expr_main_cc.py.log
/home/changshu/CODEMIND/dataset/classeval/ClassEval_79@SQLGenerator.insert/main_cc.py,3,0,0,1,0,0,0,./tmp/_home_changshu_CODEMIND_dataset_classeval_ClassEval_79@SQLGenerator.insert_main_cc.py.log
/home/changshu/CODEMIND/dataset/classeval/ClassEval_58@MinesweeperGame.check_won/main_cc.py,8,3,4,0,0,0,1,./tmp/_home_changshu_CODEMIND_dataset_classeval_ClassEval_58@MinesweeperGame.check_won_main_cc.py.log
/home/changshu/CODEMIND/dataset/classeval/ClassEval_56@MetricsCalculator.accuracy/main_cc.py,9,5,1,0,0,0,1,./tmp/_home_changshu_CODEMIND_dataset_classeval_ClassEval_56@MetricsCalculator.accuracy_main_cc.py.log
/home/changshu/CODEMIND/dataset/classeval/ClassEval_60@MovieTicketDB.insert_ticket/main_cc.py,3,0,0,0,1,0,0,./tmp/_home_changshu_CODEMIND_dataset_classeval_ClassEval_60@MovieTicketDB.insert_ticket_main_cc.py.log
/home/changshu/CODEMIND/dataset/classeval/ClassEval_74@Server.send/main_cc.py,4,1,0,1,0,0,0,./tmp/_home_changshu_CODEMIND_dataset_classeval_ClassEval_74@Server.send_main_cc.py.log
/home/changshu/CODEMIND/dataset/classeval/ClassEval_0@AccessGatewayFilter.set_current_user_info_and_log/main_cc.py,3,0,0,0,2,0,0,./tmp/_home_changshu_CODEMIND_dataset_classeval_ClassEval_0@AccessGatewayFilter.set_current_user_info_and_log_main_cc.py.log
/home/changshu/CODEMIND/dataset/classeval/ClassEval_43@HRManagementSystem.list_employees/main_cc.py,7,0,3,0,0,0,0,./tmp/_home_changshu_CODEMIND_dataset_classeval_ClassEval_43@HRManagementSystem.list_employees_main_cc.py.log
/home/changshu/CODEMIND/dataset/classeval/ClassEval_59@MovieBookingSystem.book_ticket/main_cc.py,8,2,6,1,0,0,0,./tmp/_home_changshu_CODEMIND_dataset_classeval_ClassEval_59@MovieBookingSystem.book_ticket_main_cc.py.log
/home/changshu/CODEMIND/dataset/classeval/ClassEval_93@VectorUtil.compute_idf_weight_dict/main_cc.py,4,0,0,3,2,0,0,./tmp/_home_changshu_CODEMIND_dataset_classeval_ClassEval_93@VectorUtil.compute_idf_weight_dict_main_cc.py.log
/home/changshu/CODEMIND/dataset/classeval/ClassEval_94@VendingMachine.add_item/main_cc.py,5,2,0,0,0,0,1,./tmp/_home_changshu_CODEMIND_dataset_classeval_ClassEval_94@VendingMachine.add_item_main_cc.py.log
/home/changshu/CODEMIND/dataset/classeval/ClassEval_45@ImageProcessor.resize_image/main_cc.py,4,0,0,0,0,0,0,./tmp/_home_changshu_CODEMIND_dataset_classeval_ClassEval_45@ImageProcessor.resize_image_main_cc.py.log
/home/changshu/CODEMIND/dataset/classeval/ClassEval_75@ShoppingCart.view_items/main_cc.py,3,0,0,0,0,0,0,./tmp/_home_changshu_CODEMIND_dataset_classeval_ClassEval_75@ShoppingCart.view_items_main_cc.py.log
/home/changshu/CODEMIND/dataset/classeval/ClassEval_81@Statistics3.mean/main_cc.py,3,1,0,2,0,0,0,./tmp/_home_changshu_CODEMIND_dataset_classeval_ClassEval_81@Statistics3.mean_main_cc.py.log
/home/changshu/CODEMIND/dataset/classeval/ClassEval_14@BookManagementDB.create_table/main_cc.py,2,0,0,0,1,0,1,./tmp/_home_changshu_CODEMIND_dataset_classeval_ClassEval_14@BookManagementDB.create_table_main_cc.py.log
/home/changshu/CODEMIND/dataset/classeval/ClassEval_11@BitStatusUtil.check/main_cc.py,3,2,2,2,0,0,0,./tmp/_home_changshu_CODEMIND_dataset_classeval_ClassEval_11@BitStatusUtil.check_main_cc.py.log
/home/changshu/CODEMIND/dataset/classeval/ClassEval_61@MusicPlayer.stop/main_cc.py,4,0,0,1,0,0,0,./tmp/_home_changshu_CODEMIND_dataset_classeval_ClassEval_61@MusicPlayer.stop_main_cc.py.log
/home/changshu/CODEMIND/dataset/classeval/ClassEval_84@TextFileProcessor.read_file/main_cc.py,3,0,0,0,0,0,0,./tmp/_home_changshu_CODEMIND_dataset_classeval_ClassEval_84@TextFileProcessor.read_file_main_cc.py.log
/home/changshu/CODEMIND/dataset/classeval/ClassEval_83@StudentDatabaseProcessor.insert_student/main_cc.py,3,0,0,0,1,0,0,./tmp/_home_changshu_CODEMIND_dataset_classeval_ClassEval_83@StudentDatabaseProcessor.insert_student_main_cc.py.log
/home/changshu/CODEMIND/dataset/classeval/ClassEval_70@PersonRequest._validate_phoneNumber/main_cc.py,4,2,0,0,0,0,1,./tmp/_home_changshu_CODEMIND_dataset_classeval_ClassEval_70@PersonRequest._validate_phoneNumber_main_cc.py.log
/home/changshu/CODEMIND/dataset/classeval/ClassEval_29@DataStatistics.median/main_cc.py,3,1,0,0,0,0,0,./tmp/_home_changshu_CODEMIND_dataset_classeval_ClassEval_29@DataStatistics.median_main_cc.py.log
/home/changshu/CODEMIND/dataset/classeval/ClassEval_1@AreaCalculator.calculate_annulus_area/main_cc.py,3,0,0,0,0,0,0,./tmp/_home_changshu_CODEMIND_dataset_classeval_ClassEval_1@AreaCalculator.calculate_annulus_area_main_cc.py.log
/home/changshu/CODEMIND/dataset/classeval/ClassEval_0@AccessGatewayFilter.get_jwt_user/main_cc.py,5,1,1,0,3,0,0,./tmp/_home_changshu_CODEMIND_dataset_classeval_ClassEval_0@AccessGatewayFilter.get_jwt_user_main_cc.py.log
/home/changshu/CODEMIND/dataset/classeval/ClassEval_73@RPGCharacter.heal/main_cc.py,4,1,0,0,0,0,0,./tmp/_home_changshu_CODEMIND_dataset_classeval_ClassEval_73@RPGCharacter.heal_main_cc.py.log
/home/changshu/CODEMIND/dataset/classeval/ClassEval_92@UserLoginDB.insert_user/main_cc.py,3,0,0,0,1,0,0,./tmp/_home_changshu_CODEMIND_dataset_classeval_ClassEval_92@UserLoginDB.insert_user_main_cc.py.log
/home/changshu/CODEMIND/dataset/classeval/ClassEval_12@BlackjackGame.check_winner/main_cc.py,14,8,2,3,0,0,2,./tmp/_home_changshu_CODEMIND_dataset_classeval_ClassEval_12@BlackjackGame.check_winner_main_cc.py.log
/home/changshu/CODEMIND/dataset/classeval/ClassEval_22@ClassRegistrationSystem.register_student/main_cc.py,4,1,0,1,0,0,0,./tmp/_home_changshu_CODEMIND_dataset_classeval_ClassEval_22@ClassRegistrationSystem.register_student_main_cc.py.log
/home/changshu/CODEMIND/dataset/classeval/ClassEval_43@HRManagementSystem.remove_employee/main_cc.py,4,1,0,0,0,0,0,./tmp/_home_changshu_CODEMIND_dataset_classeval_ClassEval_43@HRManagementSystem.remove_employee_main_cc.py.log
/home/changshu/CODEMIND/dataset/classeval/ClassEval_84@TextFileProcessor.read_file_as_json/main_cc.py,3,0,0,0,1,0,0,./tmp/_home_changshu_CODEMIND_dataset_classeval_ClassEval_84@TextFileProcessor.read_file_as_json_main_cc.py.log
/home/changshu/CODEMIND/dataset/classeval/ClassEval_67@Order.add_dish/main_cc.py,6,2,3,2,0,0,0,./tmp/_home_changshu_CODEMIND_dataset_classeval_ClassEval_67@Order.add_dish_main_cc.py.log
/home/changshu/CODEMIND/dataset/classeval/ClassEval_14@BookManagementDB.borrow_book/main_cc.py,3,0,0,0,1,0,0,./tmp/_home_changshu_CODEMIND_dataset_classeval_ClassEval_14@BookManagementDB.borrow_book_main_cc.py.log
/home/changshu/CODEMIND/dataset/classeval/ClassEval_57@MetricsCalculator2.mrr/main_cc.py,13,8,16,4,5,0,0,./tmp/_home_changshu_CODEMIND_dataset_classeval_ClassEval_57@MetricsCalculator2.mrr_main_cc.py.log
/home/changshu/CODEMIND/dataset/classeval/ClassEval_29@DataStatistics.mode/main_cc.py,2,1,0,1,1,0,0,./tmp/_home_changshu_CODEMIND_dataset_classeval_ClassEval_29@DataStatistics.mode_main_cc.py.log
/home/changshu/CODEMIND/dataset/classeval/ClassEval_35@EightPuzzle.find_blank/main_cc.py,6,1,3,4,0,0,0,./tmp/_home_changshu_CODEMIND_dataset_classeval_ClassEval_35@EightPuzzle.find_blank_main_cc.py.log
/home/changshu/CODEMIND/dataset/classeval/ClassEval_30@DataStatistics2.get_min/main_cc.py,3,0,0,0,2,0,0,./tmp/_home_changshu_CODEMIND_dataset_classeval_ClassEval_30@DataStatistics2.get_min_main_cc.py.log
/home/changshu/CODEMIND/dataset/classeval/ClassEval_1@AreaCalculator.calculate_sector_area/main_cc.py,3,0,0,0,0,0,0,./tmp/_home_changshu_CODEMIND_dataset_classeval_ClassEval_1@AreaCalculator.calculate_sector_area_main_cc.py.log
/home/changshu/CODEMIND/dataset/classeval/ClassEval_14@BookManagementDB.remove_book/main_cc.py,3,0,0,0,1,0,0,./tmp/_home_changshu_CODEMIND_dataset_classeval_ClassEval_14@BookManagementDB.remove_book_main_cc.py.log
/home/changshu/CODEMIND/dataset/classeval/ClassEval_49@JobMarketplace.submit_resume/main_cc.py,3,0,0,2,0,0,0,./tmp/_home_changshu_CODEMIND_dataset_classeval_ClassEval_49@JobMarketplace.submit_resume_main_cc.py.log
/home/changshu/CODEMIND/dataset/classeval/ClassEval_38@ExcelProcessor.write_excel/main_cc.py,7,0,0,0,1,0,0,./tmp/_home_changshu_CODEMIND_dataset_classeval_ClassEval_38@ExcelProcessor.write_excel_main_cc.py.log
/home/changshu/CODEMIND/dataset/classeval/ClassEval_78@SplitSentence.split_sentences/main_cc.py,2,0,0,0,1,0,0,./tmp/_home_changshu_CODEMIND_dataset_classeval_ClassEval_78@SplitSentence.split_sentences_main_cc.py.log
/home/changshu/CODEMIND/dataset/classeval/ClassEval_52@Lemmatization.lemmatize_sentence/main_cc.py,7,0,1,1,3,0,1,./tmp/_home_changshu_CODEMIND_dataset_classeval_ClassEval_52@Lemmatization.lemmatize_sentence_main_cc.py.log
/home/changshu/CODEMIND/dataset/classeval/ClassEval_61@MusicPlayer.switch_song/main_cc.py,8,2,1,1,0,0,0,./tmp/_home_changshu_CODEMIND_dataset_classeval_ClassEval_61@MusicPlayer.switch_song_main_cc.py.log
/home/changshu/CODEMIND/dataset/classeval/ClassEval_4@AssessmentSystem.add_course_score/main_cc.py,4,1,0,0,0,0,0,./tmp/_home_changshu_CODEMIND_dataset_classeval_ClassEval_4@AssessmentSystem.add_course_score_main_cc.py.log
/home/changshu/CODEMIND/dataset/classeval/ClassEval_4@AssessmentSystem.get_all_students_with_fail_course/main_cc.py,6,1,3,1,0,0,0,./tmp/_home_changshu_CODEMIND_dataset_classeval_ClassEval_4@AssessmentSystem.get_all_students_with_fail_course_main_cc.py.log
/home/changshu/CODEMIND/dataset/classeval/ClassEval_72@RegexUtils.split_sentences/main_cc.py,4,0,0,0,1,0,2,./tmp/_home_changshu_CODEMIND_dataset_classeval_ClassEval_72@RegexUtils.split_sentences_main_cc.py.log
/home/changshu/CODEMIND/dataset/classeval/ClassEval_87@TimeUtils.get_current_time/main_cc.py,3,0,0,0,1,0,0,./tmp/_home_changshu_CODEMIND_dataset_classeval_ClassEval_87@TimeUtils.get_current_time_main_cc.py.log
/home/changshu/CODEMIND/dataset/classeval/ClassEval_47@IPAddress.get_octets/main_cc.py,7,2,1,1,0,0,1,./tmp/_home_changshu_CODEMIND_dataset_classeval_ClassEval_47@IPAddress.get_octets_main_cc.py.log
/home/changshu/CODEMIND/dataset/classeval/ClassEval_72@RegexUtils.split/main_cc.py,5,0,0,0,1,0,0,./tmp/_home_changshu_CODEMIND_dataset_classeval_ClassEval_72@RegexUtils.split_main_cc.py.log
/home/changshu/CODEMIND/dataset/classeval/ClassEval_79@SQLGenerator.select_female_under_age/main_cc.py,5,2,0,0,0,0,1,./tmp/_home_changshu_CODEMIND_dataset_classeval_ClassEval_79@SQLGenerator.select_female_under_age_main_cc.py.log
/home/changshu/CODEMIND/dataset/classeval/ClassEval_95@Warehouse.add_product/main_cc.py,4,1,0,0,0,0,0,./tmp/_home_changshu_CODEMIND_dataset_classeval_ClassEval_95@Warehouse.add_product_main_cc.py.log
/home/changshu/CODEMIND/dataset/classeval/ClassEval_95@Warehouse.get_product_quantity/main_cc.py,4,1,0,0,0,0,0,./tmp/_home_changshu_CODEMIND_dataset_classeval_ClassEval_95@Warehouse.get_product_quantity_main_cc.py.log
/home/changshu/CODEMIND/dataset/classeval/ClassEval_60@MovieTicketDB.search_tickets_by_customer/main_cc.py,3,0,0,0,1,0,0,./tmp/_home_changshu_CODEMIND_dataset_classeval_ClassEval_60@MovieTicketDB.search_tickets_by_customer_main_cc.py.log
/home/changshu/CODEMIND/dataset/classeval/ClassEval_1@AreaCalculator.calculate_sphere_area/main_cc.py,3,0,0,0,0,0,0,./tmp/_home_changshu_CODEMIND_dataset_classeval_ClassEval_1@AreaCalculator.calculate_sphere_area_main_cc.py.log
/home/changshu/CODEMIND/dataset/classeval/ClassEval_85@Thermostat.set_target_temperature/main_cc.py,3,0,0,0,0,0,0,./tmp/_home_changshu_CODEMIND_dataset_classeval_ClassEval_85@Thermostat.set_target_temperature_main_cc.py.log
/home/changshu/CODEMIND/dataset/classeval/ClassEval_39@ExpressionCalculator._calculate/main_cc.py,8,5,0,3,11,0,0,./tmp/_home_changshu_CODEMIND_dataset_classeval_ClassEval_39@ExpressionCalculator._calculate_main_cc.py.log
/home/changshu/CODEMIND/dataset/classeval/ClassEval_61@MusicPlayer.add_song/main_cc.py,6,1,0,1,0,0,0,./tmp/_home_changshu_CODEMIND_dataset_classeval_ClassEval_61@MusicPlayer.add_song_main_cc.py.log
/home/changshu/CODEMIND/dataset/classeval/ClassEval_71@PushBoxGame.move/main_cc.py,13,9,4,2,0,0,1,./tmp/_home_changshu_CODEMIND_dataset_classeval_ClassEval_71@PushBoxGame.move_main_cc.py.log
/home/changshu/CODEMIND/dataset/classeval/ClassEval_53@LongestWord.add_word/main_cc.py,3,0,0,1,0,0,0,./tmp/_home_changshu_CODEMIND_dataset_classeval_ClassEval_53@LongestWord.add_word_main_cc.py.log
/home/changshu/CODEMIND/dataset/classeval/ClassEval_8@BankAccount.deposit/main_cc.py,3,1,0,0,0,0,0,./tmp/_home_changshu_CODEMIND_dataset_classeval_ClassEval_8@BankAccount.deposit_main_cc.py.log
/home/changshu/CODEMIND/dataset/classeval/ClassEval_38@ExcelProcessor.read_excel/main_cc.py,7,0,0,1,1,0,0,./tmp/_home_changshu_CODEMIND_dataset_classeval_ClassEval_38@ExcelProcessor.read_excel_main_cc.py.log
/home/changshu/CODEMIND/dataset/classeval/ClassEval_13@BookManagement.add_book/main_cc.py,4,1,0,0,0,0,0,./tmp/_home_changshu_CODEMIND_dataset_classeval_ClassEval_13@BookManagement.add_book_main_cc.py.log
/home/changshu/CODEMIND/dataset/classeval/ClassEval_96@WeatherSystem.celsius_to_fahrenheit/main_cc.py,3,0,0,0,0,0,0,./tmp/_home_changshu_CODEMIND_dataset_classeval_ClassEval_96@WeatherSystem.celsius_to_fahrenheit_main_cc.py.log
/home/changshu/CODEMIND/dataset/classeval/ClassEval_85@Thermostat.get_mode/main_cc.py,3,0,0,0,0,0,0,./tmp/_home_changshu_CODEMIND_dataset_classeval_ClassEval_85@Thermostat.get_mode_main_cc.py.log
/home/changshu/CODEMIND/dataset/classeval/ClassEval_82@StockPortfolioTracker.get_stock_value/main_cc.py,3,0,0,1,0,0,0,./tmp/_home_changshu_CODEMIND_dataset_classeval_ClassEval_82@StockPortfolioTracker.get_stock_value_main_cc.py.log
/home/changshu/CODEMIND/dataset/classeval/ClassEval_25@CookiesUtil.get_cookies/main_cc.py,6,0,0,0,1,0,1,./tmp/_home_changshu_CODEMIND_dataset_classeval_ClassEval_25@CookiesUtil.get_cookies_main_cc.py.log
/home/changshu/CODEMIND/dataset/classeval/ClassEval_4@AssessmentSystem.get_course_average/main_cc.py,6,2,3,0,0,0,0,./tmp/_home_changshu_CODEMIND_dataset_classeval_ClassEval_4@AssessmentSystem.get_course_average_main_cc.py.log
/home/changshu/CODEMIND/dataset/classeval/ClassEval_67@Order.checkout/main_cc.py,5,1,0,3,0,0,1,./tmp/_home_changshu_CODEMIND_dataset_classeval_ClassEval_67@Order.checkout_main_cc.py.log
/home/changshu/CODEMIND/dataset/classeval/ClassEval_56@MetricsCalculator.recall/main_cc.py,9,5,1,0,0,0,1,./tmp/_home_changshu_CODEMIND_dataset_classeval_ClassEval_56@MetricsCalculator.recall_main_cc.py.log
/home/changshu/CODEMIND/dataset/classeval/ClassEval_13@BookManagement.view_inventory/main_cc.py,3,0,0,0,0,0,0,./tmp/_home_changshu_CODEMIND_dataset_classeval_ClassEval_13@BookManagement.view_inventory_main_cc.py.log
/home/changshu/CODEMIND/dataset/classeval/ClassEval_72@RegexUtils.sub/main_cc.py,5,0,0,0,1,0,0,./tmp/_home_changshu_CODEMIND_dataset_classeval_ClassEval_72@RegexUtils.sub_main_cc.py.log
/home/changshu/CODEMIND/dataset/classeval/ClassEval_23@CombinationCalculator.count_all/main_cc.py,4,1,0,2,0,0,0,./tmp/_home_changshu_CODEMIND_dataset_classeval_ClassEval_23@CombinationCalculator.count_all_main_cc.py.log
/home/changshu/CODEMIND/dataset/classeval/ClassEval_37@EncryptionUtils.vigenere_cipher/main_cc.py,5,0,1,0,0,0,0,./tmp/_home_changshu_CODEMIND_dataset_classeval_ClassEval_37@EncryptionUtils.vigenere_cipher_main_cc.py.log
/home/changshu/CODEMIND/dataset/classeval/ClassEval_89@TwentyFourPointGame.answer/main_cc.py,13,6,2,3,0,0,2,./tmp/_home_changshu_CODEMIND_dataset_classeval_ClassEval_89@TwentyFourPointGame.answer_main_cc.py.log
/home/changshu/CODEMIND/dataset/classeval/ClassEval_41@GomokuGame._check_five_in_a_row/main_cc.py,6,2,2,2,0,0,0,./tmp/_home_changshu_CODEMIND_dataset_classeval_ClassEval_41@GomokuGame._check_five_in_a_row_main_cc.py.log
/home/changshu/CODEMIND/dataset/classeval/ClassEval_22@ClassRegistrationSystem.get_most_popular_class_in_major/main_cc.py,5,1,1,2,0,0,0,./tmp/_home_changshu_CODEMIND_dataset_classeval_ClassEval_22@ClassRegistrationSystem.get_most_popular_class_in_major_main_cc.py.log
/home/changshu/CODEMIND/dataset/classeval/ClassEval_92@UserLoginDB.delete_user_by_username/main_cc.py,3,0,0,0,1,0,0,./tmp/_home_changshu_CODEMIND_dataset_classeval_ClassEval_92@UserLoginDB.delete_user_by_username_main_cc.py.log
/home/changshu/CODEMIND/dataset/classeval/ClassEval_77@Snake.random_food_position/main_cc.py,4,1,0,1,2,0,0,./tmp/_home_changshu_CODEMIND_dataset_classeval_ClassEval_77@Snake.random_food_position_main_cc.py.log
/home/changshu/CODEMIND/dataset/classeval/ClassEval_33@DiscountStrategy.total/main_cc.py,2,0,0,1,0,0,1,./tmp/_home_changshu_CODEMIND_dataset_classeval_ClassEval_33@DiscountStrategy.total_main_cc.py.log
/home/changshu/CODEMIND/dataset/classeval/ClassEval_90@URLHandler.get_fragment/main_cc.py,4,1,0,0,0,0,0,./tmp/_home_changshu_CODEMIND_dataset_classeval_ClassEval_90@URLHandler.get_fragment_main_cc.py.log
/home/changshu/CODEMIND/dataset/classeval/ClassEval_98@XMLProcessor.find_element/main_cc.py,3,0,0,0,0,0,0,./tmp/_home_changshu_CODEMIND_dataset_classeval_ClassEval_98@XMLProcessor.find_element_main_cc.py.log
/home/changshu/CODEMIND/dataset/classeval/ClassEval_78@SplitSentence.process_text_file/main_cc.py,4,1,1,0,2,0,2,./tmp/_home_changshu_CODEMIND_dataset_classeval_ClassEval_78@SplitSentence.process_text_file_main_cc.py.log
/home/changshu/CODEMIND/dataset/classeval/ClassEval_80@SQLQueryBuilder.update/main_cc.py,3,0,0,4,0,0,0,./tmp/_home_changshu_CODEMIND_dataset_classeval_ClassEval_80@SQLQueryBuilder.update_main_cc.py.log
/home/changshu/CODEMIND/dataset/classeval/ClassEval_69@PDFHandler.extract_text_from_pdfs/main_cc.py,5,0,1,2,1,0,0,./tmp/_home_changshu_CODEMIND_dataset_classeval_ClassEval_69@PDFHandler.extract_text_from_pdfs_main_cc.py.log
/home/changshu/CODEMIND/dataset/classeval/ClassEval_65@NumberWordFormatter.parse_more/main_cc.py,3,0,0,5,0,0,0,./tmp/_home_changshu_CODEMIND_dataset_classeval_ClassEval_65@NumberWordFormatter.parse_more_main_cc.py.log
/home/changshu/CODEMIND/dataset/classeval/ClassEval_49@JobMarketplace.remove_job/main_cc.py,3,0,0,2,0,0,0,./tmp/_home_changshu_CODEMIND_dataset_classeval_ClassEval_49@JobMarketplace.remove_job_main_cc.py.log
/home/changshu/CODEMIND/dataset/classeval/ClassEval_17@CalendarUtil.add_event/main_cc.py,3,0,0,1,0,0,0,./tmp/_home_changshu_CODEMIND_dataset_classeval_ClassEval_17@CalendarUtil.add_event_main_cc.py.log
/home/changshu/CODEMIND/dataset/classeval/ClassEval_99@ZipFileProcessor.read_zip_file/main_cc.py,6,0,0,0,1,0,0,./tmp/_home_changshu_CODEMIND_dataset_classeval_ClassEval_99@ZipFileProcessor.read_zip_file_main_cc.py.log
/home/changshu/CODEMIND/dataset/classeval/ClassEval_72@RegexUtils.match/main_cc.py,6,0,0,0,1,0,0,./tmp/_home_changshu_CODEMIND_dataset_classeval_ClassEval_72@RegexUtils.match_main_cc.py.log
/home/changshu/CODEMIND/dataset/classeval/ClassEval_34@DocFileHandler.add_heading/main_cc.py,7,0,0,0,1,0,0,./tmp/_home_changshu_CODEMIND_dataset_classeval_ClassEval_34@DocFileHandler.add_heading_main_cc.py.log
/home/changshu/CODEMIND/dataset/classeval/ClassEval_52@Lemmatization.get_pos_tag/main_cc.py,4,0,0,1,3,0,1,./tmp/_home_changshu_CODEMIND_dataset_classeval_ClassEval_52@Lemmatization.get_pos_tag_main_cc.py.log
/home/changshu/CODEMIND/dataset/classeval/ClassEval_24@ComplexCalculator.add/main_cc.py,3,0,0,0,0,0,0,./tmp/_home_changshu_CODEMIND_dataset_classeval_ClassEval_24@ComplexCalculator.add_main_cc.py.log
/home/changshu/CODEMIND/dataset/classeval/ClassEval_62@NLPDataProcessor.construct_stop_word_list/main_cc.py,2,0,0,1,0,0,0,./tmp/_home_changshu_CODEMIND_dataset_classeval_ClassEval_62@NLPDataProcessor.construct_stop_word_list_main_cc.py.log
/home/changshu/CODEMIND/dataset/classeval/ClassEval_22@ClassRegistrationSystem.get_all_major/main_cc.py,5,1,1,2,0,0,0,./tmp/_home_changshu_CODEMIND_dataset_classeval_ClassEval_22@ClassRegistrationSystem.get_all_major_main_cc.py.log
/home/changshu/CODEMIND/dataset/classeval/ClassEval_94@VendingMachine.restock_item/main_cc.py,4,1,0,0,0,0,0,./tmp/_home_changshu_CODEMIND_dataset_classeval_ClassEval_94@VendingMachine.restock_item_main_cc.py.log
/home/changshu/CODEMIND/dataset/classeval/ClassEval_33@DiscountStrategy.BulkItemPromo/main_cc.py,5,1,1,2,0,0,0,./tmp/_home_changshu_CODEMIND_dataset_classeval_ClassEval_33@DiscountStrategy.BulkItemPromo_main_cc.py.log
/home/changshu/CODEMIND/dataset/classeval/ClassEval_99@ZipFileProcessor.extract_all/main_cc.py,6,0,0,0,1,0,0,./tmp/_home_changshu_CODEMIND_dataset_classeval_ClassEval_99@ZipFileProcessor.extract_all_main_cc.py.log
/home/changshu/CODEMIND/dataset/classeval/ClassEval_72@RegexUtils.generate_split_sentences_pattern/main_cc.py,2,0,0,0,0,0,0,./tmp/_home_changshu_CODEMIND_dataset_classeval_ClassEval_72@RegexUtils.generate_split_sentences_pattern_main_cc.py.log
/home/changshu/CODEMIND/dataset/classeval/ClassEval_11@BitStatusUtil.has/main_cc.py,3,2,2,5,0,0,0,./tmp/_home_changshu_CODEMIND_dataset_classeval_ClassEval_11@BitStatusUtil.has_main_cc.py.log
/home/changshu/CODEMIND/dataset/classeval/ClassEval_9@BigNumCalculator.subtract/main_cc.py,9,8,1,3,0,0,0,./tmp/_home_changshu_CODEMIND_dataset_classeval_ClassEval_9@BigNumCalculator.subtract_main_cc.py.log
/home/changshu/CODEMIND/dataset/classeval/ClassEval_74@Server.add_white_list/main_cc.py,4,1,0,1,0,0,0,./tmp/_home_changshu_CODEMIND_dataset_classeval_ClassEval_74@Server.add_white_list_main_cc.py.log
/home/changshu/CODEMIND/dataset/classeval/ClassEval_27@CurrencyConverter.add_currency_rate/main_cc.py,4,1,0,0,0,0,0,./tmp/_home_changshu_CODEMIND_dataset_classeval_ClassEval_27@CurrencyConverter.add_currency_rate_main_cc.py.log
/home/changshu/CODEMIND/dataset/classeval/ClassEval_18@CamelCaseMap._convert_key/main_cc.py,4,0,0,3,0,0,1,./tmp/_home_changshu_CODEMIND_dataset_classeval_ClassEval_18@CamelCaseMap._convert_key_main_cc.py.log
/home/changshu/CODEMIND/dataset/classeval/ClassEval_81@Statistics3.z_score/main_cc.py,6,3,0,8,1,0,0,./tmp/_home_changshu_CODEMIND_dataset_classeval_ClassEval_81@Statistics3.z_score_main_cc.py.log
/home/changshu/CODEMIND/dataset/classeval/ClassEval_48@IpUtil.is_valid_ipv6/main_cc.py,5,0,0,2,1,0,0,./tmp/_home_changshu_CODEMIND_dataset_classeval_ClassEval_48@IpUtil.is_valid_ipv6_main_cc.py.log
/home/changshu/CODEMIND/dataset/classeval/ClassEval_33@DiscountStrategy.FidelityPromo/main_cc.py,3,0,0,3,0,0,1,./tmp/_home_changshu_CODEMIND_dataset_classeval_ClassEval_33@DiscountStrategy.FidelityPromo_main_cc.py.log
/home/changshu/CODEMIND/dataset/classeval/ClassEval_12@BlackjackGame.calculate_hand_value/main_cc.py,8,3,1,3,0,0,0,./tmp/_home_changshu_CODEMIND_dataset_classeval_ClassEval_12@BlackjackGame.calculate_hand_value_main_cc.py.log
/home/changshu/CODEMIND/dataset/classeval/ClassEval_33@DiscountStrategy.due/main_cc.py,4,1,0,1,0,0,1,./tmp/_home_changshu_CODEMIND_dataset_classeval_ClassEval_33@DiscountStrategy.due_main_cc.py.log
/home/changshu/CODEMIND/dataset/classeval/ClassEval_43@HRManagementSystem.get_employee/main_cc.py,4,1,0,0,0,0,0,./tmp/_home_changshu_CODEMIND_dataset_classeval_ClassEval_43@HRManagementSystem.get_employee_main_cc.py.log
/home/changshu/CODEMIND/dataset/classeval/ClassEval_85@Thermostat.simulate_operation/main_cc.py,11,5,2,1,0,0,1,./tmp/_home_changshu_CODEMIND_dataset_classeval_ClassEval_85@Thermostat.simulate_operation_main_cc.py.log
/home/changshu/CODEMIND/dataset/classeval/ClassEval_9@BigNumCalculator.add/main_cc.py,4,4,0,1,0,0,0,./tmp/_home_changshu_CODEMIND_dataset_classeval_ClassEval_9@BigNumCalculator.add_main_cc.py.log
/home/changshu/CODEMIND/dataset/classeval/ClassEval_11@BitStatusUtil.add/main_cc.py,3,2,2,3,0,0,0,./tmp/_home_changshu_CODEMIND_dataset_classeval_ClassEval_11@BitStatusUtil.add_main_cc.py.log
/home/changshu/CODEMIND/dataset/classeval/ClassEval_17@CalendarUtil.is_available/main_cc.py,5,1,1,1,0,0,0,./tmp/_home_changshu_CODEMIND_dataset_classeval_ClassEval_17@CalendarUtil.is_available_main_cc.py.log
