/home/changshu/CODEMIND/dataset/humaneval/HumanEval_87/transformation.py,5,1,0,11,8,0,0,./tmp/_home_changshu_CODEMIND_dataset_humaneval_HumanEval_87_transformation.py.log
/home/changshu/CODEMIND/dataset/humaneval/HumanEval_101/transformation.py,16,4,2,10,8,0,2,./tmp/_home_changshu_CODEMIND_dataset_humaneval_HumanEval_101_transformation.py.log
/home/changshu/CODEMIND/dataset/humaneval/HumanEval_138/transformation.py,5,0,0,5,8,0,0,./tmp/_home_changshu_CODEMIND_dataset_humaneval_HumanEval_138_transformation.py.log
/home/changshu/CODEMIND/dataset/humaneval/HumanEval_96/transformation.py,10,2,8,7,8,0,0,./tmp/_home_changshu_CODEMIND_dataset_humaneval_HumanEval_96_transformation.py.log
/home/changshu/CODEMIND/dataset/humaneval/HumanEval_139/transformation.py,8,2,1,8,8,0,2,./tmp/_home_changshu_CODEMIND_dataset_humaneval_HumanEval_139_transformation.py.log
/home/changshu/CODEMIND/dataset/humaneval/HumanEval_33/transformation.py,5,0,0,5,8,0,0,./tmp/_home_changshu_CODEMIND_dataset_humaneval_HumanEval_33_transformation.py.log
/home/changshu/CODEMIND/dataset/humaneval/HumanEval_92/transformation.py,9,3,3,6,8,0,0,./tmp/_home_changshu_CODEMIND_dataset_humaneval_HumanEval_92_transformation.py.log
/home/changshu/CODEMIND/dataset/humaneval/HumanEval_155/transformation.py,10,3,3,8,8,0,2,./tmp/_home_changshu_CODEMIND_dataset_humaneval_HumanEval_155_transformation.py.log
/home/changshu/CODEMIND/dataset/humaneval/HumanEval_1/transformation.py,12,5,6,10,8,0,2,./tmp/_home_changshu_CODEMIND_dataset_humaneval_HumanEval_1_transformation.py.log
/home/changshu/CODEMIND/dataset/humaneval/HumanEval_91/transformation.py,5,0,0,6,9,0,0,./tmp/_home_changshu_CODEMIND_dataset_humaneval_HumanEval_91_transformation.py.log
/home/changshu/CODEMIND/dataset/humaneval/HumanEval_104/transformation.py,10,4,3,10,8,0,2,./tmp/_home_changshu_CODEMIND_dataset_humaneval_HumanEval_104_transformation.py.log
/home/changshu/CODEMIND/dataset/humaneval/HumanEval_127/transformation.py,15,7,3,11,13,0,4,./tmp/_home_changshu_CODEMIND_dataset_humaneval_HumanEval_127_transformation.py.log
/home/changshu/CODEMIND/dataset/humaneval/HumanEval_90/transformation.py,5,0,0,5,8,0,0,./tmp/_home_changshu_CODEMIND_dataset_humaneval_HumanEval_90_transformation.py.log
/home/changshu/CODEMIND/dataset/humaneval/HumanEval_7/transformation.py,5,1,0,6,8,0,0,./tmp/_home_changshu_CODEMIND_dataset_humaneval_HumanEval_7_transformation.py.log
/home/changshu/CODEMIND/dataset/humaneval/HumanEval_136/transformation.py,5,2,0,10,10,0,0,./tmp/_home_changshu_CODEMIND_dataset_humaneval_HumanEval_136_transformation.py.log
/home/changshu/CODEMIND/dataset/humaneval/HumanEval_99/transformation.py,29,7,7,6,10,0,0,./tmp/_home_changshu_CODEMIND_dataset_humaneval_HumanEval_99_transformation.py.log
/home/changshu/CODEMIND/dataset/humaneval/HumanEval_81/transformation.py,20,13,1,9,8,0,2,./tmp/_home_changshu_CODEMIND_dataset_humaneval_HumanEval_81_transformation.py.log
/home/changshu/CODEMIND/dataset/humaneval/HumanEval_119/transformation.py,13,4,4,10,11,0,5,./tmp/_home_changshu_CODEMIND_dataset_humaneval_HumanEval_119_transformation.py.log
/home/changshu/CODEMIND/dataset/humaneval/HumanEval_10/transformation.py,9,4,2,6,8,0,1,./tmp/_home_changshu_CODEMIND_dataset_humaneval_HumanEval_10_transformation.py.log
/home/changshu/CODEMIND/dataset/humaneval/HumanEval_56/transformation.py,11,4,4,8,8,0,2,./tmp/_home_changshu_CODEMIND_dataset_humaneval_HumanEval_56_transformation.py.log
/home/changshu/CODEMIND/dataset/humaneval/HumanEval_109/transformation.py,11,4,4,9,11,0,1,./tmp/_home_changshu_CODEMIND_dataset_humaneval_HumanEval_109_transformation.py.log
/home/changshu/CODEMIND/dataset/humaneval/HumanEval_25/transformation.py,12,5,4,7,9,0,0,./tmp/_home_changshu_CODEMIND_dataset_humaneval_HumanEval_25_transformation.py.log
/home/changshu/CODEMIND/dataset/humaneval/HumanEval_43/transformation.py,10,4,10,6,8,0,0,./tmp/_home_changshu_CODEMIND_dataset_humaneval_HumanEval_43_transformation.py.log
/home/changshu/CODEMIND/dataset/humaneval/HumanEval_84/transformation.py,5,0,0,6,8,0,0,./tmp/_home_changshu_CODEMIND_dataset_humaneval_HumanEval_84_transformation.py.log
/home/changshu/CODEMIND/dataset/humaneval/HumanEval_70/transformation.py,7,1,1,8,10,0,0,./tmp/_home_changshu_CODEMIND_dataset_humaneval_HumanEval_70_transformation.py.log
/home/changshu/CODEMIND/dataset/humaneval/HumanEval_98/transformation.py,10,4,4,8,8,0,2,./tmp/_home_changshu_CODEMIND_dataset_humaneval_HumanEval_98_transformation.py.log
/home/changshu/CODEMIND/dataset/humaneval/HumanEval_158/transformation.py,5,0,0,7,8,0,0,./tmp/_home_changshu_CODEMIND_dataset_humaneval_HumanEval_158_transformation.py.log
/home/changshu/CODEMIND/dataset/humaneval/HumanEval_72/transformation.py,14,5,4,7,10,0,0,./tmp/_home_changshu_CODEMIND_dataset_humaneval_HumanEval_72_transformation.py.log
/home/changshu/CODEMIND/dataset/humaneval/HumanEval_156/transformation.py,9,1,3,10,11,0,1,./tmp/_home_changshu_CODEMIND_dataset_humaneval_HumanEval_156_transformation.py.log
/home/changshu/CODEMIND/dataset/humaneval/HumanEval_3/transformation.py,9,3,6,6,8,0,0,./tmp/_home_changshu_CODEMIND_dataset_humaneval_HumanEval_3_transformation.py.log
/home/changshu/CODEMIND/dataset/humaneval/HumanEval_52/transformation.py,9,3,6,6,8,0,0,./tmp/_home_changshu_CODEMIND_dataset_humaneval_HumanEval_52_transformation.py.log
/home/changshu/CODEMIND/dataset/humaneval/HumanEval_64/transformation.py,10,2,1,7,8,0,0,./tmp/_home_changshu_CODEMIND_dataset_humaneval_HumanEval_64_transformation.py.log
/home/changshu/CODEMIND/dataset/humaneval/HumanEval_35/transformation.py,10,3,3,8,8,0,2,./tmp/_home_changshu_CODEMIND_dataset_humaneval_HumanEval_35_transformation.py.log
/home/changshu/CODEMIND/dataset/humaneval/HumanEval_39/transformation.py,13,8,9,8,11,0,1,./tmp/_home_changshu_CODEMIND_dataset_humaneval_HumanEval_39_transformation.py.log
/home/changshu/CODEMIND/dataset/humaneval/HumanEval_16/transformation.py,5,0,0,5,8,0,0,./tmp/_home_changshu_CODEMIND_dataset_humaneval_HumanEval_16_transformation.py.log
/home/changshu/CODEMIND/dataset/humaneval/HumanEval_54/transformation.py,5,0,0,5,8,0,0,./tmp/_home_changshu_CODEMIND_dataset_humaneval_HumanEval_54_transformation.py.log
/home/changshu/CODEMIND/dataset/humaneval/HumanEval_152/transformation.py,5,0,0,7,10,0,0,./tmp/_home_changshu_CODEMIND_dataset_humaneval_HumanEval_152_transformation.py.log
/home/changshu/CODEMIND/dataset/humaneval/HumanEval_146/transformation.py,9,3,6,6,8,0,0,./tmp/_home_changshu_CODEMIND_dataset_humaneval_HumanEval_146_transformation.py.log
/home/changshu/CODEMIND/dataset/humaneval/HumanEval_2/transformation.py,5,0,0,5,8,0,0,./tmp/_home_changshu_CODEMIND_dataset_humaneval_HumanEval_2_transformation.py.log
/home/changshu/CODEMIND/dataset/humaneval/HumanEval_131/transformation.py,11,4,4,8,11,0,1,./tmp/_home_changshu_CODEMIND_dataset_humaneval_HumanEval_131_transformation.py.log
/home/changshu/CODEMIND/dataset/humaneval/HumanEval_116/transformation.py,5,0,0,7,8,0,0,./tmp/_home_changshu_CODEMIND_dataset_humaneval_HumanEval_116_transformation.py.log
/home/changshu/CODEMIND/dataset/humaneval/HumanEval_105/transformation.py,9,1,0,9,8,0,2,./tmp/_home_changshu_CODEMIND_dataset_humaneval_HumanEval_105_transformation.py.log
/home/changshu/CODEMIND/dataset/humaneval/HumanEval_23/transformation.py,5,0,0,5,8,0,0,./tmp/_home_changshu_CODEMIND_dataset_humaneval_HumanEval_23_transformation.py.log
/home/changshu/CODEMIND/dataset/humaneval/HumanEval_112/transformation.py,5,1,0,6,8,0,0,./tmp/_home_changshu_CODEMIND_dataset_humaneval_HumanEval_112_transformation.py.log
/home/changshu/CODEMIND/dataset/humaneval/HumanEval_42/transformation.py,5,0,0,6,8,0,0,./tmp/_home_changshu_CODEMIND_dataset_humaneval_HumanEval_42_transformation.py.log
/home/changshu/CODEMIND/dataset/humaneval/HumanEval_163/transformation.py,5,2,0,7,10,0,0,./tmp/_home_changshu_CODEMIND_dataset_humaneval_HumanEval_163_transformation.py.log
/home/changshu/CODEMIND/dataset/humaneval/HumanEval_149/transformation.py,10,3,3,9,8,0,2,./tmp/_home_changshu_CODEMIND_dataset_humaneval_HumanEval_149_transformation.py.log
/home/changshu/CODEMIND/dataset/humaneval/HumanEval_27/transformation.py,5,0,0,5,8,0,0,./tmp/_home_changshu_CODEMIND_dataset_humaneval_HumanEval_27_transformation.py.log
/home/changshu/CODEMIND/dataset/humaneval/HumanEval_26/transformation.py,5,1,0,6,9,0,0,./tmp/_home_changshu_CODEMIND_dataset_humaneval_HumanEval_26_transformation.py.log
/home/changshu/CODEMIND/dataset/humaneval/HumanEval_144/transformation.py,8,2,1,8,11,0,1,./tmp/_home_changshu_CODEMIND_dataset_humaneval_HumanEval_144_transformation.py.log
/home/changshu/CODEMIND/dataset/humaneval/HumanEval_153/transformation.py,10,7,6,12,11,0,1,./tmp/_home_changshu_CODEMIND_dataset_humaneval_HumanEval_153_transformation.py.log
/home/changshu/CODEMIND/dataset/humaneval/HumanEval_126/transformation.py,10,5,0,11,8,0,2,./tmp/_home_changshu_CODEMIND_dataset_humaneval_HumanEval_126_transformation.py.log
/home/changshu/CODEMIND/dataset/humaneval/HumanEval_5/transformation.py,14,3,1,10,8,0,2,./tmp/_home_changshu_CODEMIND_dataset_humaneval_HumanEval_5_transformation.py.log
/home/changshu/CODEMIND/dataset/humaneval/HumanEval_159/transformation.py,6,2,1,8,8,0,0,./tmp/_home_changshu_CODEMIND_dataset_humaneval_HumanEval_159_transformation.py.log
/home/changshu/CODEMIND/dataset/humaneval/HumanEval_14/transformation.py,8,2,1,9,8,0,2,./tmp/_home_changshu_CODEMIND_dataset_humaneval_HumanEval_14_transformation.py.log
/home/changshu/CODEMIND/dataset/humaneval/HumanEval_13/transformation.py,7,1,1,6,8,0,0,./tmp/_home_changshu_CODEMIND_dataset_humaneval_HumanEval_13_transformation.py.log
/home/changshu/CODEMIND/dataset/humaneval/HumanEval_151/transformation.py,5,1,0,7,10,0,0,./tmp/_home_changshu_CODEMIND_dataset_humaneval_HumanEval_151_transformation.py.log
/home/changshu/CODEMIND/dataset/humaneval/HumanEval_59/transformation.py,13,7,5,7,10,0,1,./tmp/_home_changshu_CODEMIND_dataset_humaneval_HumanEval_59_transformation.py.log
/home/changshu/CODEMIND/dataset/humaneval/HumanEval_140/transformation.py,12,7,3,6,8,0,1,./tmp/_home_changshu_CODEMIND_dataset_humaneval_HumanEval_140_transformation.py.log
/home/changshu/CODEMIND/dataset/humaneval/HumanEval_132/transformation.py,12,5,5,10,8,0,2,./tmp/_home_changshu_CODEMIND_dataset_humaneval_HumanEval_132_transformation.py.log
/home/changshu/CODEMIND/dataset/humaneval/HumanEval_120/transformation.py,8,2,1,7,8,0,0,./tmp/_home_changshu_CODEMIND_dataset_humaneval_HumanEval_120_transformation.py.log
/home/changshu/CODEMIND/dataset/humaneval/HumanEval_133/transformation.py,7,1,1,6,9,0,1,./tmp/_home_changshu_CODEMIND_dataset_humaneval_HumanEval_133_transformation.py.log
/home/changshu/CODEMIND/dataset/humaneval/HumanEval_102/transformation.py,12,4,1,6,8,0,0,./tmp/_home_changshu_CODEMIND_dataset_humaneval_HumanEval_102_transformation.py.log
/home/changshu/CODEMIND/dataset/humaneval/HumanEval_44/transformation.py,8,2,1,8,11,0,1,./tmp/_home_changshu_CODEMIND_dataset_humaneval_HumanEval_44_transformation.py.log
/home/changshu/CODEMIND/dataset/humaneval/HumanEval_100/transformation.py,5,0,0,6,8,0,0,./tmp/_home_changshu_CODEMIND_dataset_humaneval_HumanEval_100_transformation.py.log
/home/changshu/CODEMIND/dataset/humaneval/HumanEval_108/transformation.py,9,3,1,13,13,0,2,./tmp/_home_changshu_CODEMIND_dataset_humaneval_HumanEval_108_transformation.py.log
/home/changshu/CODEMIND/dataset/humaneval/HumanEval_141/transformation.py,16,6,1,8,8,0,0,./tmp/_home_changshu_CODEMIND_dataset_humaneval_HumanEval_141_transformation.py.log
/home/changshu/CODEMIND/dataset/humaneval/HumanEval_32/transformation.py,12,5,4,10,13,0,5,./tmp/_home_changshu_CODEMIND_dataset_humaneval_HumanEval_32_transformation.py.log
/home/changshu/CODEMIND/dataset/humaneval/HumanEval_123/transformation.py,12,6,6,10,11,0,1,./tmp/_home_changshu_CODEMIND_dataset_humaneval_HumanEval_123_transformation.py.log
/home/changshu/CODEMIND/dataset/humaneval/HumanEval_121/transformation.py,5,1,0,7,10,0,0,./tmp/_home_changshu_CODEMIND_dataset_humaneval_HumanEval_121_transformation.py.log
/home/changshu/CODEMIND/dataset/humaneval/HumanEval_110/transformation.py,14,5,3,8,8,0,2,./tmp/_home_changshu_CODEMIND_dataset_humaneval_HumanEval_110_transformation.py.log
/home/changshu/CODEMIND/dataset/humaneval/HumanEval_83/transformation.py,8,2,1,6,8,0,0,./tmp/_home_changshu_CODEMIND_dataset_humaneval_HumanEval_83_transformation.py.log
/home/changshu/CODEMIND/dataset/humaneval/HumanEval_86/transformation.py,5,0,0,6,8,0,0,./tmp/_home_changshu_CODEMIND_dataset_humaneval_HumanEval_86_transformation.py.log
/home/changshu/CODEMIND/dataset/humaneval/HumanEval_78/transformation.py,10,4,4,8,8,0,2,./tmp/_home_changshu_CODEMIND_dataset_humaneval_HumanEval_78_transformation.py.log
/home/changshu/CODEMIND/dataset/humaneval/HumanEval_89/transformation.py,9,2,1,8,8,0,2,./tmp/_home_changshu_CODEMIND_dataset_humaneval_HumanEval_89_transformation.py.log
/home/changshu/CODEMIND/dataset/humaneval/HumanEval_69/transformation.py,11,2,1,12,13,0,3,./tmp/_home_changshu_CODEMIND_dataset_humaneval_HumanEval_69_transformation.py.log
/home/changshu/CODEMIND/dataset/humaneval/HumanEval_55/transformation.py,11,3,1,8,7,0,2,./tmp/_home_changshu_CODEMIND_dataset_humaneval_HumanEval_55_transformation.py.log
/home/changshu/CODEMIND/dataset/humaneval/HumanEval_107/transformation.py,12,5,4,8,8,0,4,./tmp/_home_changshu_CODEMIND_dataset_humaneval_HumanEval_107_transformation.py.log
/home/changshu/CODEMIND/dataset/humaneval/HumanEval_6/transformation.py,11,3,3,10,10,0,3,./tmp/_home_changshu_CODEMIND_dataset_humaneval_HumanEval_6_transformation.py.log
/home/changshu/CODEMIND/dataset/humaneval/HumanEval_137/transformation.py,21,2,1,6,8,0,0,./tmp/_home_changshu_CODEMIND_dataset_humaneval_HumanEval_137_transformation.py.log
/home/changshu/CODEMIND/dataset/humaneval/HumanEval_161/transformation.py,13,3,2,8,8,0,2,./tmp/_home_changshu_CODEMIND_dataset_humaneval_HumanEval_161_transformation.py.log
/home/changshu/CODEMIND/dataset/humaneval/HumanEval_34/transformation.py,5,0,0,5,8,0,0,./tmp/_home_changshu_CODEMIND_dataset_humaneval_HumanEval_34_transformation.py.log
/home/changshu/CODEMIND/dataset/humaneval/HumanEval_62/transformation.py,5,0,0,6,8,0,0,./tmp/_home_changshu_CODEMIND_dataset_humaneval_HumanEval_62_transformation.py.log
/home/changshu/CODEMIND/dataset/humaneval/HumanEval_142/transformation.py,11,5,4,10,10,0,2,./tmp/_home_changshu_CODEMIND_dataset_humaneval_HumanEval_142_transformation.py.log
/home/changshu/CODEMIND/dataset/humaneval/HumanEval_115/transformation.py,5,0,0,7,11,0,0,./tmp/_home_changshu_CODEMIND_dataset_humaneval_HumanEval_115_transformation.py.log
/home/changshu/CODEMIND/dataset/humaneval/HumanEval_67/transformation.py,10,2,3,9,10,0,2,./tmp/_home_changshu_CODEMIND_dataset_humaneval_HumanEval_67_transformation.py.log
/home/changshu/CODEMIND/dataset/humaneval/HumanEval_4/transformation.py,6,0,0,9,13,0,1,./tmp/_home_changshu_CODEMIND_dataset_humaneval_HumanEval_4_transformation.py.log
/home/changshu/CODEMIND/dataset/humaneval/HumanEval_20/transformation.py,12,5,21,9,10,0,0,./tmp/_home_changshu_CODEMIND_dataset_humaneval_HumanEval_20_transformation.py.log
/home/changshu/CODEMIND/dataset/humaneval/HumanEval_37/transformation.py,12,3,1,10,8,0,2,./tmp/_home_changshu_CODEMIND_dataset_humaneval_HumanEval_37_transformation.py.log
/home/changshu/CODEMIND/dataset/humaneval/HumanEval_143/transformation.py,12,5,9,9,8,0,2,./tmp/_home_changshu_CODEMIND_dataset_humaneval_HumanEval_143_transformation.py.log
/home/changshu/CODEMIND/dataset/humaneval/HumanEval_12/transformation.py,12,4,4,7,8,0,0,./tmp/_home_changshu_CODEMIND_dataset_humaneval_HumanEval_12_transformation.py.log
/home/changshu/CODEMIND/dataset/humaneval/HumanEval_19/transformation.py,5,0,0,8,8,0,0,./tmp/_home_changshu_CODEMIND_dataset_humaneval_HumanEval_19_transformation.py.log
/home/changshu/CODEMIND/dataset/humaneval/HumanEval_79/transformation.py,5,0,0,5,8,0,0,./tmp/_home_changshu_CODEMIND_dataset_humaneval_HumanEval_79_transformation.py.log
/home/changshu/CODEMIND/dataset/humaneval/HumanEval_118/transformation.py,16,7,7,6,8,0,0,./tmp/_home_changshu_CODEMIND_dataset_humaneval_HumanEval_118_transformation.py.log
/home/changshu/CODEMIND/dataset/humaneval/HumanEval_0/transformation.py,11,4,15,7,10,0,0,./tmp/_home_changshu_CODEMIND_dataset_humaneval_HumanEval_0_transformation.py.log
/home/changshu/CODEMIND/dataset/humaneval/HumanEval_49/transformation.py,8,1,1,8,11,0,1,./tmp/_home_changshu_CODEMIND_dataset_humaneval_HumanEval_49_transformation.py.log
/home/changshu/CODEMIND/dataset/humaneval/HumanEval_130/transformation.py,16,5,3,10,8,0,2,./tmp/_home_changshu_CODEMIND_dataset_humaneval_HumanEval_130_transformation.py.log
/home/changshu/CODEMIND/dataset/humaneval/HumanEval_135/transformation.py,9,4,6,6,8,0,0,./tmp/_home_changshu_CODEMIND_dataset_humaneval_HumanEval_135_transformation.py.log
/home/changshu/CODEMIND/dataset/humaneval/HumanEval_17/transformation.py,5,0,0,6,8,0,0,./tmp/_home_changshu_CODEMIND_dataset_humaneval_HumanEval_17_transformation.py.log
/home/changshu/CODEMIND/dataset/humaneval/HumanEval_75/transformation.py,18,7,22,6,8,0,3,./tmp/_home_changshu_CODEMIND_dataset_humaneval_HumanEval_75_transformation.py.log
/home/changshu/CODEMIND/dataset/humaneval/HumanEval_95/transformation.py,16,6,12,8,8,0,2,./tmp/_home_changshu_CODEMIND_dataset_humaneval_HumanEval_95_transformation.py.log
/home/changshu/CODEMIND/dataset/humaneval/HumanEval_80/transformation.py,14,5,4,6,8,0,0,./tmp/_home_changshu_CODEMIND_dataset_humaneval_HumanEval_80_transformation.py.log
/home/changshu/CODEMIND/dataset/humaneval/HumanEval_150/transformation.py,8,4,4,6,8,0,0,./tmp/_home_changshu_CODEMIND_dataset_humaneval_HumanEval_150_transformation.py.log
/home/changshu/CODEMIND/dataset/humaneval/HumanEval_71/transformation.py,8,2,1,8,11,0,1,./tmp/_home_changshu_CODEMIND_dataset_humaneval_HumanEval_71_transformation.py.log
/home/changshu/CODEMIND/dataset/humaneval/HumanEval_51/transformation.py,5,1,0,7,8,0,0,./tmp/_home_changshu_CODEMIND_dataset_humaneval_HumanEval_51_transformation.py.log
/home/changshu/CODEMIND/dataset/humaneval/HumanEval_8/transformation.py,8,1,0,8,8,0,2,./tmp/_home_changshu_CODEMIND_dataset_humaneval_HumanEval_8_transformation.py.log
/home/changshu/CODEMIND/dataset/humaneval/HumanEval_88/transformation.py,5,0,0,6,8,0,0,./tmp/_home_changshu_CODEMIND_dataset_humaneval_HumanEval_88_transformation.py.log
/home/changshu/CODEMIND/dataset/humaneval/HumanEval_106/transformation.py,12,6,14,11,8,0,2,./tmp/_home_changshu_CODEMIND_dataset_humaneval_HumanEval_106_transformation.py.log
/home/changshu/CODEMIND/dataset/humaneval/HumanEval_60/transformation.py,5,1,0,6,10,0,0,./tmp/_home_changshu_CODEMIND_dataset_humaneval_HumanEval_60_transformation.py.log
/home/changshu/CODEMIND/dataset/humaneval/HumanEval_154/transformation.py,11,5,10,8,11,0,1,./tmp/_home_changshu_CODEMIND_dataset_humaneval_HumanEval_154_transformation.py.log
/home/changshu/CODEMIND/dataset/humaneval/HumanEval_41/transformation.py,5,0,0,5,8,0,0,./tmp/_home_changshu_CODEMIND_dataset_humaneval_HumanEval_41_transformation.py.log
/home/changshu/CODEMIND/dataset/humaneval/HumanEval_85/transformation.py,5,1,0,7,10,0,0,./tmp/_home_changshu_CODEMIND_dataset_humaneval_HumanEval_85_transformation.py.log
/home/changshu/CODEMIND/dataset/humaneval/HumanEval_103/transformation.py,14,4,2,8,8,0,2,./tmp/_home_changshu_CODEMIND_dataset_humaneval_HumanEval_103_transformation.py.log
/home/changshu/CODEMIND/dataset/humaneval/HumanEval_129/transformation.py,17,8,25,11,13,0,1,./tmp/_home_changshu_CODEMIND_dataset_humaneval_HumanEval_129_transformation.py.log
/home/changshu/CODEMIND/dataset/humaneval/HumanEval_68/transformation.py,10,4,1,13,10,0,0,./tmp/_home_changshu_CODEMIND_dataset_humaneval_HumanEval_68_transformation.py.log
/home/changshu/CODEMIND/dataset/humaneval/HumanEval_145/transformation.py,9,2,1,10,13,0,1,./tmp/_home_changshu_CODEMIND_dataset_humaneval_HumanEval_145_transformation.py.log
/home/changshu/CODEMIND/dataset/humaneval/HumanEval_125/transformation.py,7,4,1,7,8,0,0,./tmp/_home_changshu_CODEMIND_dataset_humaneval_HumanEval_125_transformation.py.log
/home/changshu/CODEMIND/dataset/humaneval/HumanEval_15/transformation.py,5,1,0,6,8,0,0,./tmp/_home_changshu_CODEMIND_dataset_humaneval_HumanEval_15_transformation.py.log
/home/changshu/CODEMIND/dataset/humaneval/HumanEval_18/transformation.py,10,4,4,8,8,0,2,./tmp/_home_changshu_CODEMIND_dataset_humaneval_HumanEval_18_transformation.py.log
/home/changshu/CODEMIND/dataset/humaneval/HumanEval_57/transformation.py,8,2,1,6,8,0,0,./tmp/_home_changshu_CODEMIND_dataset_humaneval_HumanEval_57_transformation.py.log
/home/changshu/CODEMIND/dataset/humaneval/HumanEval_45/transformation.py,5,0,0,5,8,0,0,./tmp/_home_changshu_CODEMIND_dataset_humaneval_HumanEval_45_transformation.py.log
/home/changshu/CODEMIND/dataset/humaneval/HumanEval_9/transformation.py,10,3,3,10,10,0,2,./tmp/_home_changshu_CODEMIND_dataset_humaneval_HumanEval_9_transformation.py.log
/home/changshu/CODEMIND/dataset/humaneval/HumanEval_63/transformation.py,13,4,1,8,8,0,3,./tmp/_home_changshu_CODEMIND_dataset_humaneval_HumanEval_63_transformation.py.log
/home/changshu/CODEMIND/dataset/humaneval/HumanEval_66/transformation.py,8,2,1,7,8,0,0,./tmp/_home_changshu_CODEMIND_dataset_humaneval_HumanEval_66_transformation.py.log
/home/changshu/CODEMIND/dataset/humaneval/HumanEval_160/transformation.py,8,1,0,8,8,0,3,./tmp/_home_changshu_CODEMIND_dataset_humaneval_HumanEval_160_transformation.py.log
/home/changshu/CODEMIND/dataset/humaneval/HumanEval_61/transformation.py,11,4,4,8,8,0,2,./tmp/_home_changshu_CODEMIND_dataset_humaneval_HumanEval_61_transformation.py.log
/home/changshu/CODEMIND/dataset/humaneval/HumanEval_21/transformation.py,5,0,0,7,10,0,0,./tmp/_home_changshu_CODEMIND_dataset_humaneval_HumanEval_21_transformation.py.log
/home/changshu/CODEMIND/dataset/humaneval/HumanEval_53/transformation.py,5,0,0,5,8,0,0,./tmp/_home_changshu_CODEMIND_dataset_humaneval_HumanEval_53_transformation.py.log
/home/changshu/CODEMIND/dataset/humaneval/HumanEval_30/transformation.py,5,1,0,6,8,0,0,./tmp/_home_changshu_CODEMIND_dataset_humaneval_HumanEval_30_transformation.py.log
/home/changshu/CODEMIND/dataset/humaneval/HumanEval_124/transformation.py,17,5,1,8,8,0,0,./tmp/_home_changshu_CODEMIND_dataset_humaneval_HumanEval_124_transformation.py.log
/home/changshu/CODEMIND/dataset/humaneval/HumanEval_31/transformation.py,14,5,4,6,8,0,0,./tmp/_home_changshu_CODEMIND_dataset_humaneval_HumanEval_31_transformation.py.log
/home/changshu/CODEMIND/dataset/humaneval/HumanEval_82/transformation.py,14,4,4,6,8,0,0,./tmp/_home_changshu_CODEMIND_dataset_humaneval_HumanEval_82_transformation.py.log
/home/changshu/CODEMIND/dataset/humaneval/HumanEval_48/transformation.py,9,3,6,6,8,0,0,./tmp/_home_changshu_CODEMIND_dataset_humaneval_HumanEval_48_transformation.py.log
/home/changshu/CODEMIND/dataset/humaneval/HumanEval_147/transformation.py,12,6,13,11,8,0,2,./tmp/_home_changshu_CODEMIND_dataset_humaneval_HumanEval_147_transformation.py.log
/home/changshu/CODEMIND/dataset/humaneval/HumanEval_157/transformation.py,5,0,0,5,8,0,0,./tmp/_home_changshu_CODEMIND_dataset_humaneval_HumanEval_157_transformation.py.log
/home/changshu/CODEMIND/dataset/humaneval/HumanEval_74/transformation.py,10,3,1,8,8,0,2,./tmp/_home_changshu_CODEMIND_dataset_humaneval_HumanEval_74_transformation.py.log
/home/changshu/CODEMIND/dataset/humaneval/HumanEval_29/transformation.py,5,0,0,6,8,0,0,./tmp/_home_changshu_CODEMIND_dataset_humaneval_HumanEval_29_transformation.py.log
/home/changshu/CODEMIND/dataset/humaneval/HumanEval_40/transformation.py,11,5,15,6,8,0,0,./tmp/_home_changshu_CODEMIND_dataset_humaneval_HumanEval_40_transformation.py.log
/home/changshu/CODEMIND/dataset/humaneval/HumanEval_113/transformation.py,7,1,1,8,8,0,0,./tmp/_home_changshu_CODEMIND_dataset_humaneval_HumanEval_113_transformation.py.log
/home/changshu/CODEMIND/dataset/humaneval/HumanEval_58/transformation.py,11,3,6,8,8,0,2,./tmp/_home_changshu_CODEMIND_dataset_humaneval_HumanEval_58_transformation.py.log
/home/changshu/CODEMIND/dataset/humaneval/HumanEval_93/transformation.py,5,0,0,8,8,0,0,./tmp/_home_changshu_CODEMIND_dataset_humaneval_HumanEval_93_transformation.py.log
/home/changshu/CODEMIND/dataset/humaneval/HumanEval_77/transformation.py,5,0,0,5,8,0,0,./tmp/_home_changshu_CODEMIND_dataset_humaneval_HumanEval_77_transformation.py.log
/home/changshu/CODEMIND/dataset/humaneval/HumanEval_28/transformation.py,5,0,0,5,8,0,0,./tmp/_home_changshu_CODEMIND_dataset_humaneval_HumanEval_28_transformation.py.log
/home/changshu/CODEMIND/dataset/humaneval/HumanEval_128/transformation.py,8,3,1,10,10,0,0,./tmp/_home_changshu_CODEMIND_dataset_humaneval_HumanEval_128_transformation.py.log
/home/changshu/CODEMIND/dataset/humaneval/HumanEval_122/transformation.py,5,1,0,6,8,0,0,./tmp/_home_changshu_CODEMIND_dataset_humaneval_HumanEval_122_transformation.py.log
/home/changshu/CODEMIND/dataset/humaneval/HumanEval_162/transformation.py,5,0,0,5,9,0,0,./tmp/_home_changshu_CODEMIND_dataset_humaneval_HumanEval_162_transformation.py.log
/home/changshu/CODEMIND/dataset/humaneval/HumanEval_46/transformation.py,13,4,1,9,8,0,2,./tmp/_home_changshu_CODEMIND_dataset_humaneval_HumanEval_46_transformation.py.log
/home/changshu/CODEMIND/dataset/humaneval/HumanEval_114/transformation.py,13,4,2,10,10,0,2,./tmp/_home_changshu_CODEMIND_dataset_humaneval_HumanEval_114_transformation.py.log
/home/changshu/CODEMIND/dataset/humaneval/HumanEval_22/transformation.py,5,0,0,6,8,0,0,./tmp/_home_changshu_CODEMIND_dataset_humaneval_HumanEval_22_transformation.py.log
/home/changshu/CODEMIND/dataset/humaneval/HumanEval_117/transformation.py,12,5,10,10,8,0,2,./tmp/_home_changshu_CODEMIND_dataset_humaneval_HumanEval_117_transformation.py.log
/home/changshu/CODEMIND/dataset/humaneval/HumanEval_76/transformation.py,10,4,2,8,11,0,1,./tmp/_home_changshu_CODEMIND_dataset_humaneval_HumanEval_76_transformation.py.log
/home/changshu/CODEMIND/dataset/humaneval/HumanEval_24/transformation.py,8,3,6,6,8,0,0,./tmp/_home_changshu_CODEMIND_dataset_humaneval_HumanEval_24_transformation.py.log
/home/changshu/CODEMIND/dataset/humaneval/HumanEval_11/transformation.py,8,2,1,7,8,0,1,./tmp/_home_changshu_CODEMIND_dataset_humaneval_HumanEval_11_transformation.py.log
/home/changshu/CODEMIND/dataset/humaneval/HumanEval_111/transformation.py,19,5,7,8,8,0,2,./tmp/_home_changshu_CODEMIND_dataset_humaneval_HumanEval_111_transformation.py.log
/home/changshu/CODEMIND/dataset/humaneval/HumanEval_47/transformation.py,6,2,1,6,8,0,0,./tmp/_home_changshu_CODEMIND_dataset_humaneval_HumanEval_47_transformation.py.log
/home/changshu/CODEMIND/dataset/humaneval/HumanEval_148/transformation.py,10,3,1,6,8,0,0,./tmp/_home_changshu_CODEMIND_dataset_humaneval_HumanEval_148_transformation.py.log
/home/changshu/CODEMIND/dataset/humaneval/HumanEval_134/transformation.py,5,0,0,5,8,0,0,./tmp/_home_changshu_CODEMIND_dataset_humaneval_HumanEval_134_transformation.py.log
/home/changshu/CODEMIND/dataset/humaneval/HumanEval_36/transformation.py,10,3,6,7,8,0,0,./tmp/_home_changshu_CODEMIND_dataset_humaneval_HumanEval_36_transformation.py.log
/home/changshu/CODEMIND/dataset/humaneval/HumanEval_94/transformation.py,13,7,9,7,8,0,1,./tmp/_home_changshu_CODEMIND_dataset_humaneval_HumanEval_94_transformation.py.log
/home/changshu/CODEMIND/dataset/humaneval/HumanEval_97/transformation.py,5,0,0,6,10,0,0,./tmp/_home_changshu_CODEMIND_dataset_humaneval_HumanEval_97_transformation.py.log
/home/changshu/CODEMIND/dataset/humaneval/HumanEval_73/transformation.py,9,3,2,8,8,0,2,./tmp/_home_changshu_CODEMIND_dataset_humaneval_HumanEval_73_transformation.py.log
/home/changshu/CODEMIND/dataset/humaneval/HumanEval_65/transformation.py,6,2,1,6,8,0,0,./tmp/_home_changshu_CODEMIND_dataset_humaneval_HumanEval_65_transformation.py.log
