/home/changshu/CODEMIND/Experiment_Results/SR/Synthesis/use_test/gemini-1.5-pro/humaneval/HumanEval_87/main.py,7,4,6,1,0,0,0,./tmp/_home_changshu_CODEMIND_Experiment_Results_SR_Synthesis_use_test_gemini-1.5-pro_humaneval_HumanEval_87_main.py.log
/home/changshu/CODEMIND/Experiment_Results/SR/Synthesis/use_test/gemini-1.5-pro/humaneval/HumanEval_101/main.py,1,0,0,1,0,0,0,./tmp/_home_changshu_CODEMIND_Experiment_Results_SR_Synthesis_use_test_gemini-1.5-pro_humaneval_HumanEval_101_main.py.log
/home/changshu/CODEMIND/Experiment_Results/SR/Synthesis/use_test/gemini-1.5-pro/humaneval/HumanEval_138/main.py,1,0,0,0,0,0,0,./tmp/_home_changshu_CODEMIND_Experiment_Results_SR_Synthesis_use_test_gemini-1.5-pro_humaneval_HumanEval_138_main.py.log
/home/changshu/CODEMIND/Experiment_Results/SR/Synthesis/use_test/gemini-1.5-pro/humaneval/HumanEval_96/main.py,5,2,4,1,0,0,0,./tmp/_home_changshu_CODEMIND_Experiment_Results_SR_Synthesis_use_test_gemini-1.5-pro_humaneval_HumanEval_96_main.py.log
/home/changshu/CODEMIND/Experiment_Results/SR/Synthesis/use_test/gemini-1.5-pro/humaneval/HumanEval_139/main.py,5,1,0,2,0,0,1,./tmp/_home_changshu_CODEMIND_Experiment_Results_SR_Synthesis_use_test_gemini-1.5-pro_humaneval_HumanEval_139_main.py.log
/home/changshu/CODEMIND/Experiment_Results/SR/Synthesis/use_test/gemini-1.5-pro/humaneval/HumanEval_38/main.py,2,2,0,4,0,0,0,./tmp/_home_changshu_CODEMIND_Experiment_Results_SR_Synthesis_use_test_gemini-1.5-pro_humaneval_HumanEval_38_main.py.log
/home/changshu/CODEMIND/Experiment_Results/SR/Synthesis/use_test/gemini-1.5-pro/humaneval/HumanEval_33/main.py,3,2,1,1,0,0,0,./tmp/_home_changshu_CODEMIND_Experiment_Results_SR_Synthesis_use_test_gemini-1.5-pro_humaneval_HumanEval_33_main.py.log
/home/changshu/CODEMIND/Experiment_Results/SR/Synthesis/use_test/gemini-1.5-pro/humaneval/HumanEval_92/main.py,2,1,0,0,0,0,0,./tmp/_home_changshu_CODEMIND_Experiment_Results_SR_Synthesis_use_test_gemini-1.5-pro_humaneval_HumanEval_92_main.py.log
/home/changshu/CODEMIND/Experiment_Results/SR/Synthesis/use_test/gemini-1.5-pro/humaneval/HumanEval_155/main.py,4,3,1,0,0,0,0,./tmp/_home_changshu_CODEMIND_Experiment_Results_SR_Synthesis_use_test_gemini-1.5-pro_humaneval_HumanEval_155_main.py.log
/home/changshu/CODEMIND/Experiment_Results/SR/Synthesis/use_test/gemini-1.5-pro/humaneval/HumanEval_1/main.py,5,3,2,1,0,0,0,./tmp/_home_changshu_CODEMIND_Experiment_Results_SR_Synthesis_use_test_gemini-1.5-pro_humaneval_HumanEval_1_main.py.log
/home/changshu/CODEMIND/Experiment_Results/SR/Synthesis/use_test/gemini-1.5-pro/humaneval/HumanEval_91/main.py,3,1,1,4,0,0,0,./tmp/_home_changshu_CODEMIND_Experiment_Results_SR_Synthesis_use_test_gemini-1.5-pro_humaneval_HumanEval_91_main.py.log
/home/changshu/CODEMIND/Experiment_Results/SR/Synthesis/use_test/gemini-1.5-pro/humaneval/HumanEval_104/main.py,5,1,4,1,0,0,0,./tmp/_home_changshu_CODEMIND_Experiment_Results_SR_Synthesis_use_test_gemini-1.5-pro_humaneval_HumanEval_104_main.py.log
/home/changshu/CODEMIND/Experiment_Results/SR/Synthesis/use_test/gemini-1.5-pro/humaneval/HumanEval_127/main.py,5,4,1,0,0,0,0,./tmp/_home_changshu_CODEMIND_Experiment_Results_SR_Synthesis_use_test_gemini-1.5-pro_humaneval_HumanEval_127_main.py.log
/home/changshu/CODEMIND/Experiment_Results/SR/Synthesis/use_test/gemini-1.5-pro/humaneval/HumanEval_90/main.py,3,2,0,0,0,0,0,./tmp/_home_changshu_CODEMIND_Experiment_Results_SR_Synthesis_use_test_gemini-1.5-pro_humaneval_HumanEval_90_main.py.log
/home/changshu/CODEMIND/Experiment_Results/SR/Synthesis/use_test/gemini-1.5-pro/humaneval/HumanEval_7/main.py,1,1,0,1,0,0,0,./tmp/_home_changshu_CODEMIND_Experiment_Results_SR_Synthesis_use_test_gemini-1.5-pro_humaneval_HumanEval_7_main.py.log
/home/changshu/CODEMIND/Experiment_Results/SR/Synthesis/use_test/gemini-1.5-pro/humaneval/HumanEval_136/main.py,6,4,5,0,0,0,0,./tmp/_home_changshu_CODEMIND_Experiment_Results_SR_Synthesis_use_test_gemini-1.5-pro_humaneval_HumanEval_136_main.py.log
/home/changshu/CODEMIND/Experiment_Results/SR/Synthesis/use_test/gemini-1.5-pro/humaneval/HumanEval_99/main.py,1,0,0,0,0,0,0,./tmp/_home_changshu_CODEMIND_Experiment_Results_SR_Synthesis_use_test_gemini-1.5-pro_humaneval_HumanEval_99_main.py.log
/home/changshu/CODEMIND/Experiment_Results/SR/Synthesis/use_test/gemini-1.5-pro/humaneval/HumanEval_81/main.py,14,12,1,1,0,0,0,./tmp/_home_changshu_CODEMIND_Experiment_Results_SR_Synthesis_use_test_gemini-1.5-pro_humaneval_HumanEval_81_main.py.log
/home/changshu/CODEMIND/Experiment_Results/SR/Synthesis/use_test/gemini-1.5-pro/humaneval/HumanEval_119/main.py,5,3,2,0,0,0,0,./tmp/_home_changshu_CODEMIND_Experiment_Results_SR_Synthesis_use_test_gemini-1.5-pro_humaneval_HumanEval_119_main.py.log
/home/changshu/CODEMIND/Experiment_Results/SR/Synthesis/use_test/gemini-1.5-pro/humaneval/HumanEval_10/main.py,4,2,1,0,0,0,2,./tmp/_home_changshu_CODEMIND_Experiment_Results_SR_Synthesis_use_test_gemini-1.5-pro_humaneval_HumanEval_10_main.py.log
/home/changshu/CODEMIND/Experiment_Results/SR/Synthesis/use_test/gemini-1.5-pro/humaneval/HumanEval_56/main.py,5,3,2,0,0,0,0,./tmp/_home_changshu_CODEMIND_Experiment_Results_SR_Synthesis_use_test_gemini-1.5-pro_humaneval_HumanEval_56_main.py.log
/home/changshu/CODEMIND/Experiment_Results/SR/Synthesis/use_test/gemini-1.5-pro/humaneval/HumanEval_109/main.py,6,5,2,0,0,0,0,./tmp/_home_changshu_CODEMIND_Experiment_Results_SR_Synthesis_use_test_gemini-1.5-pro_humaneval_HumanEval_109_main.py.log
/home/changshu/CODEMIND/Experiment_Results/SR/Synthesis/use_test/gemini-1.5-pro/humaneval/HumanEval_25/main.py,4,3,1,1,0,0,0,./tmp/_home_changshu_CODEMIND_Experiment_Results_SR_Synthesis_use_test_gemini-1.5-pro_humaneval_HumanEval_25_main.py.log
/home/changshu/CODEMIND/Experiment_Results/SR/Synthesis/use_test/gemini-1.5-pro/humaneval/HumanEval_43/main.py,4,2,3,0,0,0,0,./tmp/_home_changshu_CODEMIND_Experiment_Results_SR_Synthesis_use_test_gemini-1.5-pro_humaneval_HumanEval_43_main.py.log
/home/changshu/CODEMIND/Experiment_Results/SR/Synthesis/use_test/gemini-1.5-pro/humaneval/HumanEval_84/main.py,1,0,0,0,0,0,0,./tmp/_home_changshu_CODEMIND_Experiment_Results_SR_Synthesis_use_test_gemini-1.5-pro_humaneval_HumanEval_84_main.py.log
/home/changshu/CODEMIND/Experiment_Results/SR/Synthesis/use_test/gemini-1.5-pro/humaneval/HumanEval_70/main.py,4,3,1,1,0,0,0,./tmp/_home_changshu_CODEMIND_Experiment_Results_SR_Synthesis_use_test_gemini-1.5-pro_humaneval_HumanEval_70_main.py.log
/home/changshu/CODEMIND/Experiment_Results/SR/Synthesis/use_test/gemini-1.5-pro/humaneval/HumanEval_98/main.py,3,1,1,0,0,0,0,./tmp/_home_changshu_CODEMIND_Experiment_Results_SR_Synthesis_use_test_gemini-1.5-pro_humaneval_HumanEval_98_main.py.log
/home/changshu/CODEMIND/Experiment_Results/SR/Synthesis/use_test/gemini-1.5-pro/humaneval/HumanEval_158/main.py,4,2,1,0,0,0,0,./tmp/_home_changshu_CODEMIND_Experiment_Results_SR_Synthesis_use_test_gemini-1.5-pro_humaneval_HumanEval_158_main.py.log
/home/changshu/CODEMIND/Experiment_Results/SR/Synthesis/use_test/gemini-1.5-pro/humaneval/HumanEval_72/main.py,1,0,0,0,0,0,0,./tmp/_home_changshu_CODEMIND_Experiment_Results_SR_Synthesis_use_test_gemini-1.5-pro_humaneval_HumanEval_72_main.py.log
/home/changshu/CODEMIND/Experiment_Results/SR/Synthesis/use_test/gemini-1.5-pro/humaneval/HumanEval_50/main.py,1,0,0,1,0,0,0,./tmp/_home_changshu_CODEMIND_Experiment_Results_SR_Synthesis_use_test_gemini-1.5-pro_humaneval_HumanEval_50_main.py.log
/home/changshu/CODEMIND/Experiment_Results/SR/Synthesis/use_test/gemini-1.5-pro/humaneval/HumanEval_156/main.py,3,2,1,0,0,0,0,./tmp/_home_changshu_CODEMIND_Experiment_Results_SR_Synthesis_use_test_gemini-1.5-pro_humaneval_HumanEval_156_main.py.log
/home/changshu/CODEMIND/Experiment_Results/SR/Synthesis/use_test/gemini-1.5-pro/humaneval/HumanEval_3/main.py,3,1,1,0,0,0,0,./tmp/_home_changshu_CODEMIND_Experiment_Results_SR_Synthesis_use_test_gemini-1.5-pro_humaneval_HumanEval_3_main.py.log
/home/changshu/CODEMIND/Experiment_Results/SR/Synthesis/use_test/gemini-1.5-pro/humaneval/HumanEval_52/main.py,3,1,1,0,0,0,0,./tmp/_home_changshu_CODEMIND_Experiment_Results_SR_Synthesis_use_test_gemini-1.5-pro_humaneval_HumanEval_52_main.py.log
/home/changshu/CODEMIND/Experiment_Results/SR/Synthesis/use_test/gemini-1.5-pro/humaneval/HumanEval_64/main.py,5,2,2,1,0,0,0,./tmp/_home_changshu_CODEMIND_Experiment_Results_SR_Synthesis_use_test_gemini-1.5-pro_humaneval_HumanEval_64_main.py.log
/home/changshu/CODEMIND/Experiment_Results/SR/Synthesis/use_test/gemini-1.5-pro/humaneval/HumanEval_35/main.py,1,0,0,0,0,0,0,./tmp/_home_changshu_CODEMIND_Experiment_Results_SR_Synthesis_use_test_gemini-1.5-pro_humaneval_HumanEval_35_main.py.log
/home/changshu/CODEMIND/Experiment_Results/SR/Synthesis/use_test/gemini-1.5-pro/humaneval/HumanEval_39/main.py,10,4,2,0,0,0,3,./tmp/_home_changshu_CODEMIND_Experiment_Results_SR_Synthesis_use_test_gemini-1.5-pro_humaneval_HumanEval_39_main.py.log
/home/changshu/CODEMIND/Experiment_Results/SR/Synthesis/use_test/gemini-1.5-pro/humaneval/HumanEval_16/main.py,1,0,0,0,0,0,0,./tmp/_home_changshu_CODEMIND_Experiment_Results_SR_Synthesis_use_test_gemini-1.5-pro_humaneval_HumanEval_16_main.py.log
/home/changshu/CODEMIND/Experiment_Results/SR/Synthesis/use_test/gemini-1.5-pro/humaneval/HumanEval_54/main.py,5,2,2,0,0,0,0,./tmp/_home_changshu_CODEMIND_Experiment_Results_SR_Synthesis_use_test_gemini-1.5-pro_humaneval_HumanEval_54_main.py.log
/home/changshu/CODEMIND/Experiment_Results/SR/Synthesis/use_test/gemini-1.5-pro/humaneval/HumanEval_152/main.py,1,0,0,1,0,0,0,./tmp/_home_changshu_CODEMIND_Experiment_Results_SR_Synthesis_use_test_gemini-1.5-pro_humaneval_HumanEval_152_main.py.log
/home/changshu/CODEMIND/Experiment_Results/SR/Synthesis/use_test/gemini-1.5-pro/humaneval/HumanEval_146/main.py,4,2,3,0,0,0,0,./tmp/_home_changshu_CODEMIND_Experiment_Results_SR_Synthesis_use_test_gemini-1.5-pro_humaneval_HumanEval_146_main.py.log
/home/changshu/CODEMIND/Experiment_Results/SR/Synthesis/use_test/gemini-1.5-pro/humaneval/HumanEval_2/main.py,1,0,0,0,0,0,0,./tmp/_home_changshu_CODEMIND_Experiment_Results_SR_Synthesis_use_test_gemini-1.5-pro_humaneval_HumanEval_2_main.py.log
/home/changshu/CODEMIND/Experiment_Results/SR/Synthesis/use_test/gemini-1.5-pro/humaneval/HumanEval_131/main.py,4,1,1,0,0,0,0,./tmp/_home_changshu_CODEMIND_Experiment_Results_SR_Synthesis_use_test_gemini-1.5-pro_humaneval_HumanEval_131_main.py.log
/home/changshu/CODEMIND/Experiment_Results/SR/Synthesis/use_test/gemini-1.5-pro/humaneval/HumanEval_116/main.py,1,0,0,2,0,0,0,./tmp/_home_changshu_CODEMIND_Experiment_Results_SR_Synthesis_use_test_gemini-1.5-pro_humaneval_HumanEval_116_main.py.log
/home/changshu/CODEMIND/Experiment_Results/SR/Synthesis/use_test/gemini-1.5-pro/humaneval/HumanEval_105/main.py,1,1,0,3,0,0,0,./tmp/_home_changshu_CODEMIND_Experiment_Results_SR_Synthesis_use_test_gemini-1.5-pro_humaneval_HumanEval_105_main.py.log
/home/changshu/CODEMIND/Experiment_Results/SR/Synthesis/use_test/gemini-1.5-pro/humaneval/HumanEval_23/main.py,1,0,0,0,0,0,0,./tmp/_home_changshu_CODEMIND_Experiment_Results_SR_Synthesis_use_test_gemini-1.5-pro_humaneval_HumanEval_23_main.py.log
/home/changshu/CODEMIND/Experiment_Results/SR/Synthesis/use_test/gemini-1.5-pro/humaneval/HumanEval_112/main.py,1,1,0,1,0,0,0,./tmp/_home_changshu_CODEMIND_Experiment_Results_SR_Synthesis_use_test_gemini-1.5-pro_humaneval_HumanEval_112_main.py.log
/home/changshu/CODEMIND/Experiment_Results/SR/Synthesis/use_test/gemini-1.5-pro/humaneval/HumanEval_42/main.py,1,0,0,1,0,0,0,./tmp/_home_changshu_CODEMIND_Experiment_Results_SR_Synthesis_use_test_gemini-1.5-pro_humaneval_HumanEval_42_main.py.log
/home/changshu/CODEMIND/Experiment_Results/SR/Synthesis/use_test/gemini-1.5-pro/humaneval/HumanEval_163/main.py,2,3,0,1,0,0,0,./tmp/_home_changshu_CODEMIND_Experiment_Results_SR_Synthesis_use_test_gemini-1.5-pro_humaneval_HumanEval_163_main.py.log
/home/changshu/CODEMIND/Experiment_Results/SR/Synthesis/use_test/gemini-1.5-pro/humaneval/HumanEval_149/main.py,3,1,1,3,0,0,0,./tmp/_home_changshu_CODEMIND_Experiment_Results_SR_Synthesis_use_test_gemini-1.5-pro_humaneval_HumanEval_149_main.py.log
/home/changshu/CODEMIND/Experiment_Results/SR/Synthesis/use_test/gemini-1.5-pro/humaneval/HumanEval_27/main.py,1,0,0,1,0,0,0,./tmp/_home_changshu_CODEMIND_Experiment_Results_SR_Synthesis_use_test_gemini-1.5-pro_humaneval_HumanEval_27_main.py.log
/home/changshu/CODEMIND/Experiment_Results/SR/Synthesis/use_test/gemini-1.5-pro/humaneval/HumanEval_26/main.py,1,1,0,1,0,0,0,./tmp/_home_changshu_CODEMIND_Experiment_Results_SR_Synthesis_use_test_gemini-1.5-pro_humaneval_HumanEval_26_main.py.log
/home/changshu/CODEMIND/Experiment_Results/SR/Synthesis/use_test/gemini-1.5-pro/humaneval/HumanEval_144/main.py,1,0,0,0,0,0,0,./tmp/_home_changshu_CODEMIND_Experiment_Results_SR_Synthesis_use_test_gemini-1.5-pro_humaneval_HumanEval_144_main.py.log
/home/changshu/CODEMIND/Experiment_Results/SR/Synthesis/use_test/gemini-1.5-pro/humaneval/HumanEval_153/main.py,3,1,1,2,0,0,0,./tmp/_home_changshu_CODEMIND_Experiment_Results_SR_Synthesis_use_test_gemini-1.5-pro_humaneval_HumanEval_153_main.py.log
/home/changshu/CODEMIND/Experiment_Results/SR/Synthesis/use_test/gemini-1.5-pro/humaneval/HumanEval_126/main.py,5,4,1,0,0,0,0,./tmp/_home_changshu_CODEMIND_Experiment_Results_SR_Synthesis_use_test_gemini-1.5-pro_humaneval_HumanEval_126_main.py.log
/home/changshu/CODEMIND/Experiment_Results/SR/Synthesis/use_test/gemini-1.5-pro/humaneval/HumanEval_5/main.py,3,1,1,1,0,0,0,./tmp/_home_changshu_CODEMIND_Experiment_Results_SR_Synthesis_use_test_gemini-1.5-pro_humaneval_HumanEval_5_main.py.log
/home/changshu/CODEMIND/Experiment_Results/SR/Synthesis/use_test/gemini-1.5-pro/humaneval/HumanEval_159/main.py,1,0,0,1,0,0,0,./tmp/_home_changshu_CODEMIND_Experiment_Results_SR_Synthesis_use_test_gemini-1.5-pro_humaneval_HumanEval_159_main.py.log
/home/changshu/CODEMIND/Experiment_Results/SR/Synthesis/use_test/gemini-1.5-pro/humaneval/HumanEval_14/main.py,1,1,0,1,0,0,0,./tmp/_home_changshu_CODEMIND_Experiment_Results_SR_Synthesis_use_test_gemini-1.5-pro_humaneval_HumanEval_14_main.py.log
/home/changshu/CODEMIND/Experiment_Results/SR/Synthesis/use_test/gemini-1.5-pro/humaneval/HumanEval_13/main.py,2,0,0,0,0,0,0,./tmp/_home_changshu_CODEMIND_Experiment_Results_SR_Synthesis_use_test_gemini-1.5-pro_humaneval_HumanEval_13_main.py.log
/home/changshu/CODEMIND/Experiment_Results/SR/Synthesis/use_test/gemini-1.5-pro/humaneval/HumanEval_151/main.py,1,1,0,1,0,0,0,./tmp/_home_changshu_CODEMIND_Experiment_Results_SR_Synthesis_use_test_gemini-1.5-pro_humaneval_HumanEval_151_main.py.log
/home/changshu/CODEMIND/Experiment_Results/SR/Synthesis/use_test/gemini-1.5-pro/humaneval/HumanEval_59/main.py,3,2,1,0,0,0,0,./tmp/_home_changshu_CODEMIND_Experiment_Results_SR_Synthesis_use_test_gemini-1.5-pro_humaneval_HumanEval_59_main.py.log
/home/changshu/CODEMIND/Experiment_Results/SR/Synthesis/use_test/gemini-1.5-pro/humaneval/HumanEval_140/main.py,1,0,0,0,0,0,0,./tmp/_home_changshu_CODEMIND_Experiment_Results_SR_Synthesis_use_test_gemini-1.5-pro_humaneval_HumanEval_140_main.py.log
/home/changshu/CODEMIND/Experiment_Results/SR/Synthesis/use_test/gemini-1.5-pro/humaneval/HumanEval_132/main.py,6,4,2,0,0,0,0,./tmp/_home_changshu_CODEMIND_Experiment_Results_SR_Synthesis_use_test_gemini-1.5-pro_humaneval_HumanEval_132_main.py.log
/home/changshu/CODEMIND/Experiment_Results/SR/Synthesis/use_test/gemini-1.5-pro/humaneval/HumanEval_120/main.py,2,1,0,1,0,0,0,./tmp/_home_changshu_CODEMIND_Experiment_Results_SR_Synthesis_use_test_gemini-1.5-pro_humaneval_HumanEval_120_main.py.log
/home/changshu/CODEMIND/Experiment_Results/SR/Synthesis/use_test/gemini-1.5-pro/humaneval/HumanEval_133/main.py,1,0,0,2,0,0,0,./tmp/_home_changshu_CODEMIND_Experiment_Results_SR_Synthesis_use_test_gemini-1.5-pro_humaneval_HumanEval_133_main.py.log
/home/changshu/CODEMIND/Experiment_Results/SR/Synthesis/use_test/gemini-1.5-pro/humaneval/HumanEval_102/main.py,3,2,0,0,0,0,0,./tmp/_home_changshu_CODEMIND_Experiment_Results_SR_Synthesis_use_test_gemini-1.5-pro_humaneval_HumanEval_102_main.py.log
/home/changshu/CODEMIND/Experiment_Results/SR/Synthesis/use_test/gemini-1.5-pro/humaneval/HumanEval_44/main.py,4,3,0,1,0,0,0,./tmp/_home_changshu_CODEMIND_Experiment_Results_SR_Synthesis_use_test_gemini-1.5-pro_humaneval_HumanEval_44_main.py.log
/home/changshu/CODEMIND/Experiment_Results/SR/Synthesis/use_test/gemini-1.5-pro/humaneval/HumanEval_100/main.py,3,1,1,1,0,0,0,./tmp/_home_changshu_CODEMIND_Experiment_Results_SR_Synthesis_use_test_gemini-1.5-pro_humaneval_HumanEval_100_main.py.log
/home/changshu/CODEMIND/Experiment_Results/SR/Synthesis/use_test/gemini-1.5-pro/humaneval/HumanEval_108/main.py,5,2,3,0,0,0,0,./tmp/_home_changshu_CODEMIND_Experiment_Results_SR_Synthesis_use_test_gemini-1.5-pro_humaneval_HumanEval_108_main.py.log
/home/changshu/CODEMIND/Experiment_Results/SR/Synthesis/use_test/gemini-1.5-pro/humaneval/HumanEval_141/main.py,7,4,1,1,0,0,0,./tmp/_home_changshu_CODEMIND_Experiment_Results_SR_Synthesis_use_test_gemini-1.5-pro_humaneval_HumanEval_141_main.py.log
/home/changshu/CODEMIND/Experiment_Results/SR/Synthesis/use_test/gemini-1.5-pro/humaneval/HumanEval_32/main.py,3,2,1,1,1,0,1,./tmp/_home_changshu_CODEMIND_Experiment_Results_SR_Synthesis_use_test_gemini-1.5-pro_humaneval_HumanEval_32_main.py.log
/home/changshu/CODEMIND/Experiment_Results/SR/Synthesis/use_test/gemini-1.5-pro/humaneval/HumanEval_123/main.py,6,5,3,1,0,0,0,./tmp/_home_changshu_CODEMIND_Experiment_Results_SR_Synthesis_use_test_gemini-1.5-pro_humaneval_HumanEval_123_main.py.log
/home/changshu/CODEMIND/Experiment_Results/SR/Synthesis/use_test/gemini-1.5-pro/humaneval/HumanEval_121/main.py,3,1,1,0,0,0,0,./tmp/_home_changshu_CODEMIND_Experiment_Results_SR_Synthesis_use_test_gemini-1.5-pro_humaneval_HumanEval_121_main.py.log
/home/changshu/CODEMIND/Experiment_Results/SR/Synthesis/use_test/gemini-1.5-pro/humaneval/HumanEval_110/main.py,2,3,0,2,0,0,0,./tmp/_home_changshu_CODEMIND_Experiment_Results_SR_Synthesis_use_test_gemini-1.5-pro_humaneval_HumanEval_110_main.py.log
/home/changshu/CODEMIND/Experiment_Results/SR/Synthesis/use_test/gemini-1.5-pro/humaneval/HumanEval_83/main.py,2,1,0,0,0,0,0,./tmp/_home_changshu_CODEMIND_Experiment_Results_SR_Synthesis_use_test_gemini-1.5-pro_humaneval_HumanEval_83_main.py.log
/home/changshu/CODEMIND/Experiment_Results/SR/Synthesis/use_test/gemini-1.5-pro/humaneval/HumanEval_86/main.py,2,0,0,1,0,0,0,./tmp/_home_changshu_CODEMIND_Experiment_Results_SR_Synthesis_use_test_gemini-1.5-pro_humaneval_HumanEval_86_main.py.log
/home/changshu/CODEMIND/Experiment_Results/SR/Synthesis/use_test/gemini-1.5-pro/humaneval/HumanEval_78/main.py,3,1,1,1,0,0,0,./tmp/_home_changshu_CODEMIND_Experiment_Results_SR_Synthesis_use_test_gemini-1.5-pro_humaneval_HumanEval_78_main.py.log
/home/changshu/CODEMIND/Experiment_Results/SR/Synthesis/use_test/gemini-1.5-pro/humaneval/HumanEval_89/main.py,3,0,1,1,0,0,0,./tmp/_home_changshu_CODEMIND_Experiment_Results_SR_Synthesis_use_test_gemini-1.5-pro_humaneval_HumanEval_89_main.py.log
/home/changshu/CODEMIND/Experiment_Results/SR/Synthesis/use_test/gemini-1.5-pro/humaneval/HumanEval_69/main.py,3,1,1,0,0,0,0,./tmp/_home_changshu_CODEMIND_Experiment_Results_SR_Synthesis_use_test_gemini-1.5-pro_humaneval_HumanEval_69_main.py.log
/home/changshu/CODEMIND/Experiment_Results/SR/Synthesis/use_test/gemini-1.5-pro/humaneval/HumanEval_55/main.py,5,1,0,2,0,0,2,./tmp/_home_changshu_CODEMIND_Experiment_Results_SR_Synthesis_use_test_gemini-1.5-pro_humaneval_HumanEval_55_main.py.log
/home/changshu/CODEMIND/Experiment_Results/SR/Synthesis/use_test/gemini-1.5-pro/humaneval/HumanEval_107/main.py,4,3,3,0,0,0,0,./tmp/_home_changshu_CODEMIND_Experiment_Results_SR_Synthesis_use_test_gemini-1.5-pro_humaneval_HumanEval_107_main.py.log
/home/changshu/CODEMIND/Experiment_Results/SR/Synthesis/use_test/gemini-1.5-pro/humaneval/HumanEval_6/main.py,4,1,3,1,0,0,0,./tmp/_home_changshu_CODEMIND_Experiment_Results_SR_Synthesis_use_test_gemini-1.5-pro_humaneval_HumanEval_6_main.py.log
/home/changshu/CODEMIND/Experiment_Results/SR/Synthesis/use_test/gemini-1.5-pro/humaneval/HumanEval_137/main.py,5,2,0,0,0,0,0,./tmp/_home_changshu_CODEMIND_Experiment_Results_SR_Synthesis_use_test_gemini-1.5-pro_humaneval_HumanEval_137_main.py.log
/home/changshu/CODEMIND/Experiment_Results/SR/Synthesis/use_test/gemini-1.5-pro/humaneval/HumanEval_161/main.py,2,0,0,2,0,0,0,./tmp/_home_changshu_CODEMIND_Experiment_Results_SR_Synthesis_use_test_gemini-1.5-pro_humaneval_HumanEval_161_main.py.log
/home/changshu/CODEMIND/Experiment_Results/SR/Synthesis/use_test/gemini-1.5-pro/humaneval/HumanEval_34/main.py,1,0,0,0,0,0,0,./tmp/_home_changshu_CODEMIND_Experiment_Results_SR_Synthesis_use_test_gemini-1.5-pro_humaneval_HumanEval_34_main.py.log
/home/changshu/CODEMIND/Experiment_Results/SR/Synthesis/use_test/gemini-1.5-pro/humaneval/HumanEval_62/main.py,1,0,0,1,0,0,0,./tmp/_home_changshu_CODEMIND_Experiment_Results_SR_Synthesis_use_test_gemini-1.5-pro_humaneval_HumanEval_62_main.py.log
/home/changshu/CODEMIND/Experiment_Results/SR/Synthesis/use_test/gemini-1.5-pro/humaneval/HumanEval_142/main.py,4,2,1,0,0,0,0,./tmp/_home_changshu_CODEMIND_Experiment_Results_SR_Synthesis_use_test_gemini-1.5-pro_humaneval_HumanEval_142_main.py.log
/home/changshu/CODEMIND/Experiment_Results/SR/Synthesis/use_test/gemini-1.5-pro/humaneval/HumanEval_115/main.py,2,0,0,0,1,0,0,./tmp/_home_changshu_CODEMIND_Experiment_Results_SR_Synthesis_use_test_gemini-1.5-pro_humaneval_HumanEval_115_main.py.log
/home/changshu/CODEMIND/Experiment_Results/SR/Synthesis/use_test/gemini-1.5-pro/humaneval/HumanEval_67/main.py,1,0,0,0,0,0,0,./tmp/_home_changshu_CODEMIND_Experiment_Results_SR_Synthesis_use_test_gemini-1.5-pro_humaneval_HumanEval_67_main.py.log
/home/changshu/CODEMIND/Experiment_Results/SR/Synthesis/use_test/gemini-1.5-pro/humaneval/HumanEval_4/main.py,1,0,0,1,0,0,0,./tmp/_home_changshu_CODEMIND_Experiment_Results_SR_Synthesis_use_test_gemini-1.5-pro_humaneval_HumanEval_4_main.py.log
/home/changshu/CODEMIND/Experiment_Results/SR/Synthesis/use_test/gemini-1.5-pro/humaneval/HumanEval_20/main.py,3,2,1,0,0,0,0,./tmp/_home_changshu_CODEMIND_Experiment_Results_SR_Synthesis_use_test_gemini-1.5-pro_humaneval_HumanEval_20_main.py.log
/home/changshu/CODEMIND/Experiment_Results/SR/Synthesis/use_test/gemini-1.5-pro/humaneval/HumanEval_37/main.py,3,2,0,2,0,0,0,./tmp/_home_changshu_CODEMIND_Experiment_Results_SR_Synthesis_use_test_gemini-1.5-pro_humaneval_HumanEval_37_main.py.log
/home/changshu/CODEMIND/Experiment_Results/SR/Synthesis/use_test/gemini-1.5-pro/humaneval/HumanEval_143/main.py,5,3,1,1,0,0,1,./tmp/_home_changshu_CODEMIND_Experiment_Results_SR_Synthesis_use_test_gemini-1.5-pro_humaneval_HumanEval_143_main.py.log
/home/changshu/CODEMIND/Experiment_Results/SR/Synthesis/use_test/gemini-1.5-pro/humaneval/HumanEval_12/main.py,4,2,1,0,0,0,0,./tmp/_home_changshu_CODEMIND_Experiment_Results_SR_Synthesis_use_test_gemini-1.5-pro_humaneval_HumanEval_12_main.py.log
/home/changshu/CODEMIND/Experiment_Results/SR/Synthesis/use_test/gemini-1.5-pro/humaneval/HumanEval_19/main.py,1,0,0,3,0,0,0,./tmp/_home_changshu_CODEMIND_Experiment_Results_SR_Synthesis_use_test_gemini-1.5-pro_humaneval_HumanEval_19_main.py.log
/home/changshu/CODEMIND/Experiment_Results/SR/Synthesis/use_test/gemini-1.5-pro/humaneval/HumanEval_79/main.py,3,2,0,0,0,0,0,./tmp/_home_changshu_CODEMIND_Experiment_Results_SR_Synthesis_use_test_gemini-1.5-pro_humaneval_HumanEval_79_main.py.log
/home/changshu/CODEMIND/Experiment_Results/SR/Synthesis/use_test/gemini-1.5-pro/humaneval/HumanEval_118/main.py,3,3,1,0,0,0,0,./tmp/_home_changshu_CODEMIND_Experiment_Results_SR_Synthesis_use_test_gemini-1.5-pro_humaneval_HumanEval_118_main.py.log
/home/changshu/CODEMIND/Experiment_Results/SR/Synthesis/use_test/gemini-1.5-pro/humaneval/HumanEval_0/main.py,4,2,3,0,0,0,0,./tmp/_home_changshu_CODEMIND_Experiment_Results_SR_Synthesis_use_test_gemini-1.5-pro_humaneval_HumanEval_0_main.py.log
/home/changshu/CODEMIND/Experiment_Results/SR/Synthesis/use_test/gemini-1.5-pro/humaneval/HumanEval_49/main.py,1,0,0,0,0,0,0,./tmp/_home_changshu_CODEMIND_Experiment_Results_SR_Synthesis_use_test_gemini-1.5-pro_humaneval_HumanEval_49_main.py.log
/home/changshu/CODEMIND/Experiment_Results/SR/Synthesis/use_test/gemini-1.5-pro/humaneval/HumanEval_130/main.py,4,3,1,1,0,0,0,./tmp/_home_changshu_CODEMIND_Experiment_Results_SR_Synthesis_use_test_gemini-1.5-pro_humaneval_HumanEval_130_main.py.log
/home/changshu/CODEMIND/Experiment_Results/SR/Synthesis/use_test/gemini-1.5-pro/humaneval/HumanEval_135/main.py,4,4,1,0,0,0,0,./tmp/_home_changshu_CODEMIND_Experiment_Results_SR_Synthesis_use_test_gemini-1.5-pro_humaneval_HumanEval_135_main.py.log
/home/changshu/CODEMIND/Experiment_Results/SR/Synthesis/use_test/gemini-1.5-pro/humaneval/HumanEval_17/main.py,5,3,1,1,0,0,0,./tmp/_home_changshu_CODEMIND_Experiment_Results_SR_Synthesis_use_test_gemini-1.5-pro_humaneval_HumanEval_17_main.py.log
/home/changshu/CODEMIND/Experiment_Results/SR/Synthesis/use_test/gemini-1.5-pro/humaneval/HumanEval_75/main.py,4,2,1,1,0,0,0,./tmp/_home_changshu_CODEMIND_Experiment_Results_SR_Synthesis_use_test_gemini-1.5-pro_humaneval_HumanEval_75_main.py.log
/home/changshu/CODEMIND/Experiment_Results/SR/Synthesis/use_test/gemini-1.5-pro/humaneval/HumanEval_95/main.py,7,3,3,0,0,0,0,./tmp/_home_changshu_CODEMIND_Experiment_Results_SR_Synthesis_use_test_gemini-1.5-pro_humaneval_HumanEval_95_main.py.log
/home/changshu/CODEMIND/Experiment_Results/SR/Synthesis/use_test/gemini-1.5-pro/humaneval/HumanEval_80/main.py,4,3,1,0,0,0,0,./tmp/_home_changshu_CODEMIND_Experiment_Results_SR_Synthesis_use_test_gemini-1.5-pro_humaneval_HumanEval_80_main.py.log
/home/changshu/CODEMIND/Experiment_Results/SR/Synthesis/use_test/gemini-1.5-pro/humaneval/HumanEval_150/main.py,4,3,1,0,0,0,0,./tmp/_home_changshu_CODEMIND_Experiment_Results_SR_Synthesis_use_test_gemini-1.5-pro_humaneval_HumanEval_150_main.py.log
/home/changshu/CODEMIND/Experiment_Results/SR/Synthesis/use_test/gemini-1.5-pro/humaneval/HumanEval_71/main.py,2,1,0,0,0,0,0,./tmp/_home_changshu_CODEMIND_Experiment_Results_SR_Synthesis_use_test_gemini-1.5-pro_humaneval_HumanEval_71_main.py.log
/home/changshu/CODEMIND/Experiment_Results/SR/Synthesis/use_test/gemini-1.5-pro/humaneval/HumanEval_51/main.py,1,1,0,1,0,0,0,./tmp/_home_changshu_CODEMIND_Experiment_Results_SR_Synthesis_use_test_gemini-1.5-pro_humaneval_HumanEval_51_main.py.log
/home/changshu/CODEMIND/Experiment_Results/SR/Synthesis/use_test/gemini-1.5-pro/humaneval/HumanEval_8/main.py,3,1,1,0,0,0,0,./tmp/_home_changshu_CODEMIND_Experiment_Results_SR_Synthesis_use_test_gemini-1.5-pro_humaneval_HumanEval_8_main.py.log
/home/changshu/CODEMIND/Experiment_Results/SR/Synthesis/use_test/gemini-1.5-pro/humaneval/HumanEval_88/main.py,3,2,1,0,0,0,0,./tmp/_home_changshu_CODEMIND_Experiment_Results_SR_Synthesis_use_test_gemini-1.5-pro_humaneval_HumanEval_88_main.py.log
/home/changshu/CODEMIND/Experiment_Results/SR/Synthesis/use_test/gemini-1.5-pro/humaneval/HumanEval_106/main.py,4,4,3,1,0,0,0,./tmp/_home_changshu_CODEMIND_Experiment_Results_SR_Synthesis_use_test_gemini-1.5-pro_humaneval_HumanEval_106_main.py.log
/home/changshu/CODEMIND/Experiment_Results/SR/Synthesis/use_test/gemini-1.5-pro/humaneval/HumanEval_60/main.py,1,0,0,0,0,0,0,./tmp/_home_changshu_CODEMIND_Experiment_Results_SR_Synthesis_use_test_gemini-1.5-pro_humaneval_HumanEval_60_main.py.log
/home/changshu/CODEMIND/Experiment_Results/SR/Synthesis/use_test/gemini-1.5-pro/humaneval/HumanEval_154/main.py,3,1,1,0,0,0,0,./tmp/_home_changshu_CODEMIND_Experiment_Results_SR_Synthesis_use_test_gemini-1.5-pro_humaneval_HumanEval_154_main.py.log
/home/changshu/CODEMIND/Experiment_Results/SR/Synthesis/use_test/gemini-1.5-pro/humaneval/HumanEval_41/main.py,1,0,0,0,0,0,0,./tmp/_home_changshu_CODEMIND_Experiment_Results_SR_Synthesis_use_test_gemini-1.5-pro_humaneval_HumanEval_41_main.py.log
/home/changshu/CODEMIND/Experiment_Results/SR/Synthesis/use_test/gemini-1.5-pro/humaneval/HumanEval_85/main.py,1,1,0,1,0,0,0,./tmp/_home_changshu_CODEMIND_Experiment_Results_SR_Synthesis_use_test_gemini-1.5-pro_humaneval_HumanEval_85_main.py.log
/home/changshu/CODEMIND/Experiment_Results/SR/Synthesis/use_test/gemini-1.5-pro/humaneval/HumanEval_103/main.py,2,1,0,0,0,0,0,./tmp/_home_changshu_CODEMIND_Experiment_Results_SR_Synthesis_use_test_gemini-1.5-pro_humaneval_HumanEval_103_main.py.log
/home/changshu/CODEMIND/Experiment_Results/SR/Synthesis/use_test/gemini-1.5-pro/humaneval/HumanEval_129/main.py,7,3,6,2,0,0,0,./tmp/_home_changshu_CODEMIND_Experiment_Results_SR_Synthesis_use_test_gemini-1.5-pro_humaneval_HumanEval_129_main.py.log
/home/changshu/CODEMIND/Experiment_Results/SR/Synthesis/use_test/gemini-1.5-pro/humaneval/HumanEval_68/main.py,4,2,1,2,0,0,0,./tmp/_home_changshu_CODEMIND_Experiment_Results_SR_Synthesis_use_test_gemini-1.5-pro_humaneval_HumanEval_68_main.py.log
/home/changshu/CODEMIND/Experiment_Results/SR/Synthesis/use_test/gemini-1.5-pro/humaneval/HumanEval_145/main.py,1,0,0,3,0,0,0,./tmp/_home_changshu_CODEMIND_Experiment_Results_SR_Synthesis_use_test_gemini-1.5-pro_humaneval_HumanEval_145_main.py.log
/home/changshu/CODEMIND/Experiment_Results/SR/Synthesis/use_test/gemini-1.5-pro/humaneval/HumanEval_125/main.py,3,3,0,1,0,0,0,./tmp/_home_changshu_CODEMIND_Experiment_Results_SR_Synthesis_use_test_gemini-1.5-pro_humaneval_HumanEval_125_main.py.log
/home/changshu/CODEMIND/Experiment_Results/SR/Synthesis/use_test/gemini-1.5-pro/humaneval/HumanEval_15/main.py,1,1,0,1,0,0,0,./tmp/_home_changshu_CODEMIND_Experiment_Results_SR_Synthesis_use_test_gemini-1.5-pro_humaneval_HumanEval_15_main.py.log
/home/changshu/CODEMIND/Experiment_Results/SR/Synthesis/use_test/gemini-1.5-pro/humaneval/HumanEval_18/main.py,4,3,1,0,0,0,0,./tmp/_home_changshu_CODEMIND_Experiment_Results_SR_Synthesis_use_test_gemini-1.5-pro_humaneval_HumanEval_18_main.py.log
/home/changshu/CODEMIND/Experiment_Results/SR/Synthesis/use_test/gemini-1.5-pro/humaneval/HumanEval_57/main.py,4,3,2,0,0,0,0,./tmp/_home_changshu_CODEMIND_Experiment_Results_SR_Synthesis_use_test_gemini-1.5-pro_humaneval_HumanEval_57_main.py.log
/home/changshu/CODEMIND/Experiment_Results/SR/Synthesis/use_test/gemini-1.5-pro/humaneval/HumanEval_45/main.py,1,0,0,0,0,0,0,./tmp/_home_changshu_CODEMIND_Experiment_Results_SR_Synthesis_use_test_gemini-1.5-pro_humaneval_HumanEval_45_main.py.log
/home/changshu/CODEMIND/Experiment_Results/SR/Synthesis/use_test/gemini-1.5-pro/humaneval/HumanEval_9/main.py,3,1,0,2,0,0,0,./tmp/_home_changshu_CODEMIND_Experiment_Results_SR_Synthesis_use_test_gemini-1.5-pro_humaneval_HumanEval_9_main.py.log
/home/changshu/CODEMIND/Experiment_Results/SR/Synthesis/use_test/gemini-1.5-pro/humaneval/HumanEval_63/main.py,5,3,0,2,0,0,3,./tmp/_home_changshu_CODEMIND_Experiment_Results_SR_Synthesis_use_test_gemini-1.5-pro_humaneval_HumanEval_63_main.py.log
/home/changshu/CODEMIND/Experiment_Results/SR/Synthesis/use_test/gemini-1.5-pro/humaneval/HumanEval_66/main.py,3,0,1,0,0,0,0,./tmp/_home_changshu_CODEMIND_Experiment_Results_SR_Synthesis_use_test_gemini-1.5-pro_humaneval_HumanEval_66_main.py.log
/home/changshu/CODEMIND/Experiment_Results/SR/Synthesis/use_test/gemini-1.5-pro/humaneval/HumanEval_160/main.py,7,5,1,0,0,0,0,./tmp/_home_changshu_CODEMIND_Experiment_Results_SR_Synthesis_use_test_gemini-1.5-pro_humaneval_HumanEval_160_main.py.log
/home/changshu/CODEMIND/Experiment_Results/SR/Synthesis/use_test/gemini-1.5-pro/humaneval/HumanEval_61/main.py,5,3,2,0,0,0,0,./tmp/_home_changshu_CODEMIND_Experiment_Results_SR_Synthesis_use_test_gemini-1.5-pro_humaneval_HumanEval_61_main.py.log
/home/changshu/CODEMIND/Experiment_Results/SR/Synthesis/use_test/gemini-1.5-pro/humaneval/HumanEval_21/main.py,1,0,0,1,0,0,0,./tmp/_home_changshu_CODEMIND_Experiment_Results_SR_Synthesis_use_test_gemini-1.5-pro_humaneval_HumanEval_21_main.py.log
/home/changshu/CODEMIND/Experiment_Results/SR/Synthesis/use_test/gemini-1.5-pro/humaneval/HumanEval_53/main.py,1,0,0,0,0,0,0,./tmp/_home_changshu_CODEMIND_Experiment_Results_SR_Synthesis_use_test_gemini-1.5-pro_humaneval_HumanEval_53_main.py.log
/home/changshu/CODEMIND/Experiment_Results/SR/Synthesis/use_test/gemini-1.5-pro/humaneval/HumanEval_30/main.py,1,1,0,1,0,0,0,./tmp/_home_changshu_CODEMIND_Experiment_Results_SR_Synthesis_use_test_gemini-1.5-pro_humaneval_HumanEval_30_main.py.log
/home/changshu/CODEMIND/Experiment_Results/SR/Synthesis/use_test/gemini-1.5-pro/humaneval/HumanEval_124/main.py,8,5,0,1,0,0,0,./tmp/_home_changshu_CODEMIND_Experiment_Results_SR_Synthesis_use_test_gemini-1.5-pro_humaneval_HumanEval_124_main.py.log
/home/changshu/CODEMIND/Experiment_Results/SR/Synthesis/use_test/gemini-1.5-pro/humaneval/HumanEval_31/main.py,4,3,1,0,0,0,0,./tmp/_home_changshu_CODEMIND_Experiment_Results_SR_Synthesis_use_test_gemini-1.5-pro_humaneval_HumanEval_31_main.py.log
/home/changshu/CODEMIND/Experiment_Results/SR/Synthesis/use_test/gemini-1.5-pro/humaneval/HumanEval_82/main.py,4,3,1,0,0,0,0,./tmp/_home_changshu_CODEMIND_Experiment_Results_SR_Synthesis_use_test_gemini-1.5-pro_humaneval_HumanEval_82_main.py.log
/home/changshu/CODEMIND/Experiment_Results/SR/Synthesis/use_test/gemini-1.5-pro/humaneval/HumanEval_48/main.py,1,0,0,0,0,0,0,./tmp/_home_changshu_CODEMIND_Experiment_Results_SR_Synthesis_use_test_gemini-1.5-pro_humaneval_HumanEval_48_main.py.log
/home/changshu/CODEMIND/Experiment_Results/SR/Synthesis/use_test/gemini-1.5-pro/humaneval/HumanEval_147/main.py,5,6,6,1,0,0,0,./tmp/_home_changshu_CODEMIND_Experiment_Results_SR_Synthesis_use_test_gemini-1.5-pro_humaneval_HumanEval_147_main.py.log
/home/changshu/CODEMIND/Experiment_Results/SR/Synthesis/use_test/gemini-1.5-pro/humaneval/HumanEval_157/main.py,1,0,0,1,0,0,0,./tmp/_home_changshu_CODEMIND_Experiment_Results_SR_Synthesis_use_test_gemini-1.5-pro_humaneval_HumanEval_157_main.py.log
/home/changshu/CODEMIND/Experiment_Results/SR/Synthesis/use_test/gemini-1.5-pro/humaneval/HumanEval_74/main.py,2,1,0,2,0,0,0,./tmp/_home_changshu_CODEMIND_Experiment_Results_SR_Synthesis_use_test_gemini-1.5-pro_humaneval_HumanEval_74_main.py.log
/home/changshu/CODEMIND/Experiment_Results/SR/Synthesis/use_test/gemini-1.5-pro/humaneval/HumanEval_29/main.py,1,0,0,1,0,0,0,./tmp/_home_changshu_CODEMIND_Experiment_Results_SR_Synthesis_use_test_gemini-1.5-pro_humaneval_HumanEval_29_main.py.log
/home/changshu/CODEMIND/Experiment_Results/SR/Synthesis/use_test/gemini-1.5-pro/humaneval/HumanEval_40/main.py,6,6,6,0,0,0,0,./tmp/_home_changshu_CODEMIND_Experiment_Results_SR_Synthesis_use_test_gemini-1.5-pro_humaneval_HumanEval_40_main.py.log
/home/changshu/CODEMIND/Experiment_Results/SR/Synthesis/use_test/gemini-1.5-pro/humaneval/HumanEval_113/main.py,4,1,3,1,0,0,0,./tmp/_home_changshu_CODEMIND_Experiment_Results_SR_Synthesis_use_test_gemini-1.5-pro_humaneval_HumanEval_113_main.py.log
/home/changshu/CODEMIND/Experiment_Results/SR/Synthesis/use_test/gemini-1.5-pro/humaneval/HumanEval_58/main.py,1,0,0,0,0,0,0,./tmp/_home_changshu_CODEMIND_Experiment_Results_SR_Synthesis_use_test_gemini-1.5-pro_humaneval_HumanEval_58_main.py.log
/home/changshu/CODEMIND/Experiment_Results/SR/Synthesis/use_test/gemini-1.5-pro/humaneval/HumanEval_93/main.py,3,1,1,0,0,0,0,./tmp/_home_changshu_CODEMIND_Experiment_Results_SR_Synthesis_use_test_gemini-1.5-pro_humaneval_HumanEval_93_main.py.log
/home/changshu/CODEMIND/Experiment_Results/SR/Synthesis/use_test/gemini-1.5-pro/humaneval/HumanEval_77/main.py,1,0,0,0,0,0,0,./tmp/_home_changshu_CODEMIND_Experiment_Results_SR_Synthesis_use_test_gemini-1.5-pro_humaneval_HumanEval_77_main.py.log
/home/changshu/CODEMIND/Experiment_Results/SR/Synthesis/use_test/gemini-1.5-pro/humaneval/HumanEval_28/main.py,1,0,0,0,0,0,0,./tmp/_home_changshu_CODEMIND_Experiment_Results_SR_Synthesis_use_test_gemini-1.5-pro_humaneval_HumanEval_28_main.py.log
/home/changshu/CODEMIND/Experiment_Results/SR/Synthesis/use_test/gemini-1.5-pro/humaneval/HumanEval_128/main.py,5,3,3,0,0,0,0,./tmp/_home_changshu_CODEMIND_Experiment_Results_SR_Synthesis_use_test_gemini-1.5-pro_humaneval_HumanEval_128_main.py.log
/home/changshu/CODEMIND/Experiment_Results/SR/Synthesis/use_test/gemini-1.5-pro/humaneval/HumanEval_122/main.py,3,1,1,0,0,0,0,./tmp/_home_changshu_CODEMIND_Experiment_Results_SR_Synthesis_use_test_gemini-1.5-pro_humaneval_HumanEval_122_main.py.log
/home/changshu/CODEMIND/Experiment_Results/SR/Synthesis/use_test/gemini-1.5-pro/humaneval/HumanEval_162/main.py,2,1,0,0,1,0,0,./tmp/_home_changshu_CODEMIND_Experiment_Results_SR_Synthesis_use_test_gemini-1.5-pro_humaneval_HumanEval_162_main.py.log
/home/changshu/CODEMIND/Experiment_Results/SR/Synthesis/use_test/gemini-1.5-pro/humaneval/HumanEval_46/main.py,6,5,0,1,0,0,0,./tmp/_home_changshu_CODEMIND_Experiment_Results_SR_Synthesis_use_test_gemini-1.5-pro_humaneval_HumanEval_46_main.py.log
/home/changshu/CODEMIND/Experiment_Results/SR/Synthesis/use_test/gemini-1.5-pro/humaneval/HumanEval_114/main.py,2,0,0,0,0,0,0,./tmp/_home_changshu_CODEMIND_Experiment_Results_SR_Synthesis_use_test_gemini-1.5-pro_humaneval_HumanEval_114_main.py.log
/home/changshu/CODEMIND/Experiment_Results/SR/Synthesis/use_test/gemini-1.5-pro/humaneval/HumanEval_22/main.py,1,0,0,1,0,0,0,./tmp/_home_changshu_CODEMIND_Experiment_Results_SR_Synthesis_use_test_gemini-1.5-pro_humaneval_HumanEval_22_main.py.log
/home/changshu/CODEMIND/Experiment_Results/SR/Synthesis/use_test/gemini-1.5-pro/humaneval/HumanEval_117/main.py,5,2,4,1,0,0,0,./tmp/_home_changshu_CODEMIND_Experiment_Results_SR_Synthesis_use_test_gemini-1.5-pro_humaneval_HumanEval_117_main.py.log
/home/changshu/CODEMIND/Experiment_Results/SR/Synthesis/use_test/gemini-1.5-pro/humaneval/HumanEval_76/main.py,4,3,1,0,0,0,0,./tmp/_home_changshu_CODEMIND_Experiment_Results_SR_Synthesis_use_test_gemini-1.5-pro_humaneval_HumanEval_76_main.py.log
/home/changshu/CODEMIND/Experiment_Results/SR/Synthesis/use_test/gemini-1.5-pro/humaneval/HumanEval_24/main.py,3,3,1,0,0,0,0,./tmp/_home_changshu_CODEMIND_Experiment_Results_SR_Synthesis_use_test_gemini-1.5-pro_humaneval_HumanEval_24_main.py.log
/home/changshu/CODEMIND/Experiment_Results/SR/Synthesis/use_test/gemini-1.5-pro/humaneval/HumanEval_11/main.py,3,1,1,1,0,0,0,./tmp/_home_changshu_CODEMIND_Experiment_Results_SR_Synthesis_use_test_gemini-1.5-pro_humaneval_HumanEval_11_main.py.log
/home/changshu/CODEMIND/Experiment_Results/SR/Synthesis/use_test/gemini-1.5-pro/humaneval/HumanEval_111/main.py,4,3,1,1,0,0,0,./tmp/_home_changshu_CODEMIND_Experiment_Results_SR_Synthesis_use_test_gemini-1.5-pro_humaneval_HumanEval_111_main.py.log
/home/changshu/CODEMIND/Experiment_Results/SR/Synthesis/use_test/gemini-1.5-pro/humaneval/HumanEval_47/main.py,2,1,0,0,0,0,0,./tmp/_home_changshu_CODEMIND_Experiment_Results_SR_Synthesis_use_test_gemini-1.5-pro_humaneval_HumanEval_47_main.py.log
/home/changshu/CODEMIND/Experiment_Results/SR/Synthesis/use_test/gemini-1.5-pro/humaneval/HumanEval_148/main.py,3,2,1,0,0,0,0,./tmp/_home_changshu_CODEMIND_Experiment_Results_SR_Synthesis_use_test_gemini-1.5-pro_humaneval_HumanEval_148_main.py.log
/home/changshu/CODEMIND/Experiment_Results/SR/Synthesis/use_test/gemini-1.5-pro/humaneval/HumanEval_134/main.py,1,0,0,0,0,0,0,./tmp/_home_changshu_CODEMIND_Experiment_Results_SR_Synthesis_use_test_gemini-1.5-pro_humaneval_HumanEval_134_main.py.log
/home/changshu/CODEMIND/Experiment_Results/SR/Synthesis/use_test/gemini-1.5-pro/humaneval/HumanEval_36/main.py,3,1,1,0,0,0,0,./tmp/_home_changshu_CODEMIND_Experiment_Results_SR_Synthesis_use_test_gemini-1.5-pro_humaneval_HumanEval_36_main.py.log
/home/changshu/CODEMIND/Experiment_Results/SR/Synthesis/use_test/gemini-1.5-pro/humaneval/HumanEval_94/main.py,6,3,1,2,0,0,1,./tmp/_home_changshu_CODEMIND_Experiment_Results_SR_Synthesis_use_test_gemini-1.5-pro_humaneval_HumanEval_94_main.py.log
/home/changshu/CODEMIND/Experiment_Results/SR/Synthesis/use_test/gemini-1.5-pro/humaneval/HumanEval_97/main.py,1,0,0,0,0,0,0,./tmp/_home_changshu_CODEMIND_Experiment_Results_SR_Synthesis_use_test_gemini-1.5-pro_humaneval_HumanEval_97_main.py.log
/home/changshu/CODEMIND/Experiment_Results/SR/Synthesis/use_test/gemini-1.5-pro/humaneval/HumanEval_73/main.py,3,2,1,0,0,0,0,./tmp/_home_changshu_CODEMIND_Experiment_Results_SR_Synthesis_use_test_gemini-1.5-pro_humaneval_HumanEval_73_main.py.log
/home/changshu/CODEMIND/Experiment_Results/SR/Synthesis/use_test/gemini-1.5-pro/humaneval/HumanEval_65/main.py,2,1,0,0,0,0,0,./tmp/_home_changshu_CODEMIND_Experiment_Results_SR_Synthesis_use_test_gemini-1.5-pro_humaneval_HumanEval_65_main.py.log
